District Code,District Name,Owner,Parcel ID,Delq Amount
C04,CLAY TWP-BROOKVILLE LSD,JONES DWIGHT,C04 0252,267.59
A01,BUTLER TWP-VAN BUTLER CSD,CSX TRANSPORTATION INC,A01 00000 8861,"31,409.24"
,,WALTZ NICHOLAS C,C04 0495,268.36
,,REVERSE MORTGAGE SOLUTIONS INC.,A01 00201 0064,"1,183.84"
,,"NAPIER, MEGAN",C04 1642,51.33
,,KINSER ROBERT AND,A01 00209 0072,708.45
,,CARR TERRI,C04 3518,163.34
,,COOPER CHARLENE A,A01 00308 0064,628.39
,,WEIMER;ELLIE,C04 4065,92.54
,,COOPER CHARLENE A,A01 00308 0174,157.29
,,SHELL DAMON,C04 4477,254.82
,,HERDMAN DAVID AND,A01 00309 0025,"26,277.03"
,,ROWE SHIRLEY,C04 4948,175.77
,,BUWE NABILA AND,A01 20127 0027,"2,039.14"
,,WEGLEY DEBRA S,C04 5317,175.01
,,BAKERS HAULOVER LLC,A01 20321 0018,"4,159.37"
H33,TROTWOOD-TROTWOOD MADISON CSD,5017 WOLF CREEK PIKE LLC,H33 2286,344.61
,,HONYAK MARK R,A01 20325 0002,423.49
B02,VANDALIA CITY-VAN BUTLER CSD,CSX TRANSPORTATION INC,B02 00000 8861,"8,104.62"
H334,TROTWOOD-NEW LEBANON LSD,"TRIVETT, ROBERT DEAN &",H3340434,88.98
,,CALLISON JESSICA,H3340826,205.84
,,LAH FRANK W AND,B02 00101 0019,"1,864.06"
,,JORDAN PRESLEE,B02 00107 0014,"5,598.21"
,,FULCHER EVAN J,H3342455,55.44
,,WINKS INVESTMENTS LLC,B02 00319 0001,"2,403.95"
,,GARY L SHILLINGBURG,H3343009,371.07
,,WINKS INVESTMENTS LLC,B02 00319 0003,"2,447.41"
,,ROWLAND WYNONA,H3343489,93.18
,,GIBSON JOSEPH E,B02 50412 0009,"2,344.17"
,,"BLEVINS, JOHN & ANGELA",H3344178,182.17
,,SPURLOCK PATRICK & CHERYL,H3347001,223.49
,,HARTKE SUSAN TR ET AL 4,B02 51209 0019,"4,569.58"
C04,CLAY TWP-BROOKVILLE LSD,NAZARENE CHURCH BROOKVILLE,C04 00604 0021,91.91
I39,RIVERSIDE CORP-MAD RIVER LSD,Johnson Tammy,I39 0435,61.3
,,LAMBERT RUSSELL A JR,C04 00604 0031,"4,375.14"
,,SEARCY TERESA,I39 0941,87.04
,,SIZEMORE LUCINDA,I39 1180,129.27
,,BOWLING CREED AND,C04 00605 0062,653.97
,,YOST MARK A,C04 00606 0017,416.26
,,"NGUYEN, SANDY",I39 1332,53.75
,,JONES DWIGHT,C04 0252,267.59
,,ROAR MELISSA,I39 2754,87.87
,,WALTZ NICHOLAS C,C04 0495,268.36
,,"KERN, ETHAN",I39 3609,93.58
,,SHAW DAVID,I39 3683,67.41
,,GREGG JENNIFER K AND,C04 16203 0015,"1,103.88"
,,SMITH BIGIA K,I39 5313,121
,,KELSH RODNEY D,C04 16203 0021,"2,615.06"
I391,RIVERSIDE CORP-DAYTON CSD,MCKENIZIE;KAREN,I3911120,126.25
,,ELLIS MICHAEL A,C04 16207 0007,"2,029.81"
,,"MCMAHAN, ROGER M",I3912122,89.31
,,ELLIS MICHAEL A,C04 16207 0010,594.14
J44,MORAINE CITY-KETTERING CSD,WELCH APRIL,J44 0851,245.41
,,ELLIS MICHAEL A,C04 16207 0011,229.15
,,PETTY DAVID,J44 0927,221.34
,,ELLIS MICHAEL A,C04 16207 0014,250.51
,,"NAPIER, MEGAN",C04 1642,51.33
,,NGUYEN BOBBY P &,J44 1650,698.27
,,HILL RICHARD,J44 7000,161.45
,,CARR TERRI,C04 3518,163.34
,,WEIMER;ELLIE,C04 4065,92.54
K45,MIAMI TWP-MIAMISBURG CSD,"MCCOMMONS, HOWARD",K45 0122,305.21
,,SHELL DAMON,C04 4477,254.82
,,JAMES W LAWSON,K45 0248,256.18
,,ROWE SHIRLEY,C04 4948,175.77
,,"VANLANDINGHAM, AMY",K45 0354,344.47
,,WEGLEY DEBRA S,C04 5317,175.01
,,"CLEARY, CONSTANCE",K45 0403,924.28
C05,CLAY TWP-BROOKVILLE VIL-BROOKVILLE LSD,KOZLOWSKI SEAN,C05 00105 0013,114.23
,,TITCOMBE JOHN F,K45 0527,108.55
,,DREW DENNIS,C05 00202 0012,607.26
,,HARALDSEN AARON,K45 0596,162.81
,,MATHEWS EVERETT W,C05 00206 0013,"3,342.07"
,,EVERSOLE KEVIN,K45 0728,60.9
C06,CLAY TWP-NORTHMONT LSD,VALDES-DIAZ JACQUIE,C06 00401 0005,322.35
,,MEYER TALON & FAITH ARMBRUSTER,K45 1305,207.88
,,VALDES-DIAZ JACQUIE,C06 00401 0022,"2,748.46"
,,FERNANDES KATHERINE C,K45 1388,427.33
C08,CLAY TWP-PHILLIPSBURG V/NORTHMONT LSD,JOSLIN KEITH AND,C08 00103 0036,200.71
,,"FRENCH,JJOSEPH J & PATRICIA K",K45 1409,396.34
,,LOVE JASON H,C08 00103 0039,"3,326.20"
,,"CROOLEY, ROBERT T AND BARBARA R ZAKAR",K45 1440,361.23
,,US BANK NATIONAL ASSOCIATION TR,C08 00108 0011,601.05
,,"KEYS, STAR & SCOTT FIDLER",K45 1666,116.78
,,PORTEMONT BETTY JAYNE AND,C08 00112 0001,"5,040.56"
,,"STALL, JAMIE & GREG",K45 1936,221.31
D13,GERMAN TWP-GERMANTOWN V-VALLEY VIEW LSD,DEHAVEN-JONES ANGELA L AND,D13 00101 0008,263.58
,,MARINELLI TERESA,K45 2132,212.64
,,LAND MATTHEW,D13 00103 0004,"3,511.26"
,,SNOW JOSEPH R AND AYLA M,K45 2231,456.25
,,CUMMINGS COLLEEN R AND,D13 00103 0014,"2,862.54"
,,HALL MADISM,K45 2736,396.95
,,BRANDT ROBERT AND,D13 00104 0067,273
,,"FREDERICK, DARLA",K45 2769,203.03
,,BRANDT ROBERT AND,D13 00104 0184,"2,854.23"
,,DIGGS-COPELAND CHRISTOPHER,K45 2913,"1,344.59"
,,SQUIRES JANET L AND,D13 00202 0031,"3,558.79"
,,BOWERS PAMELA K,K45 2931,203.03
,,ORUM CASEY,D13 00203 0088,"3,628.98"
,,GOLDEN CARRIE YVONNE,K45 2974,496.28
,,ALLEN BARRY L AND,D13 00205 0005,986.18
,,CRAMER DOUGLAS,K45 3496,197.16
,,ALLEN BARRY L AND,D13 00206 0076,"8,646.38"
,,MOORE LARRY,K45 3693,207.88
D14,GERMAN TWP-VALLEY VIEW LSD,HAVENS CHRISTY,D14 00801 0063,"3,632.38"
,,"COOGAN, BRIAN",K45 4045,346.8
,,BLEVINS CLARK ALAN,D14 00907 0011,466.14
,,SUN HOME SERVICES INC,K45 5467,"1,366.34"
D15,GERMAN TWP-PREBLE SHAWNEE LSD,MATTA TRV-LYN AND,D15 00710 0026,"4,782.00"
,,ROBERTSON JULIE,K45 5596,175.01
,,MATTA TRV-LYN AND,D15 00710 0049,572.16
,,"HYDE, ANITA DELPH",K45 5644,198.57
E20,HARRISON TWP-DAYTON CSD,MANN BENJAMIN T AND,E20 01006 0181,129.35
,,"MOORE JR, GLENN",K45 6010,"1,339.61"
,,COLUMBIA GAS AND,E20 01006 8076,431.65
K48,WEST CARROLLTON CITY,"PAYNE, JAMES",K48 0689,129.43
,,RICHBERG MICHAEL D,E20 17001 0059,"3,397.64"
,,"TUCKER, CHAD",K48 1022,148.47
,,PEART JEAN-CLAUDE F,E20 17001 0072,566.51
,,"TUCKER, CHAD",K48 1889,150.91
,,HARRISON TOWNSHIP BOARD OF TRUSTEES,E20 17001 0090,62.38
,,"DUBENDRIS, DEBRA",K48 5247,259.04
,,REAVES CHRISTINA,E20 17002 0044,"1,804.91"
,,"MOORE, SANDDRA K",K48 6008,338.54
,,HARRISON TOWNSHIP BOARD OF TRUSTEES,E20 17002 0099,61.77
L52,PERRY-NW LBNN VIL LS,"VANDALE, MICHAEL R",L52 1978,81.57
,,HARRISON TOWNSHIP BOARD OF TRUSTEES,E20 17004 0096,53.44
R72,DAYTON CITY,"CONDI, LINDA L",R72 1519,157.96
,,HAYES RONDA,E20 17007 0043,"2,977.00"
,,"THAXTON, CHARLES G JR AND MARGARET LYONS",R72 7011,322.64
,,HARRISON TOWNSHIP BOARD OF TRUSTEES,E20 17007 0070,54.32
,,ELLEMAN BRUCE A,R72 7018,965.16
,,REICH TODD,E20 17007 0105,"3,511.62"
R721,DAYTON-NORTHRIDGE,FITTERER LOLA,R7210712,309.77
,,WILSON MARY,E20 17007 0108,"3,415.13"
,,"WILSON, DAVID H & EDITA L WILSON",R7211989,309.77
,,MANNS FRANK ET AL 3,E20 17007 0280,"1,647.48"
,,ENGLE CLAY E,R7212578,96.76
,,HARRISON TOWNSHIP BOARD OF TRUSTEES,E20 17013 0011,68.46
,,HUMPHREY ANTHONY E,R7214076,151.21
,,BARTHELEMY CHARLES W,E20 17101 0003,176.15
,,"DISKETE, KENNETH R",R7214496,122.36
,,BERNARDINO BRANDY N,E20 17101 0026,"2,987.47"
,,"BLAYLOCK, REBECCA",R7214801,307.44
,,SHROPSHIRE DEBORA,E20 17101A0045,"3,178.82"
,,"DAUGHERTY, SANDRA K",R7215371,148.32
,,GRINSTEAD JANICE,E20 17101A0047,"2,341.80"
,,MARSHALL JAMES R,R7215523,84.85
,,REID FLORENCE E,E20 17101A0069,"7,662.16"
,,TRUSTY;JUDY,R7215552,309.77
,,ALPHA WAY INC,E20 17101B0039,"2,376.45"
,,ALPHA WAY INC,E20 17101B0041,"2,772.33"
,,VOYAGER PACIFIC OPPORTUNITY,E20 17101B0143,"2,620.95"
,,VOYAGER PACIFIC OPPORTUNITY,E20 17101B0153,"2,589.13"
,,VOYAGER PACIFIC OPPORTUNITY,E20 17101B0154,"1,824.48"
,,HESTER TONYA D,E20 17102 0059,157.6
,,SMITH EDSEL JR ETAL 4,E20 17102 0080,"2,101.39"
,,LEHMAN TEVA,E20 17102 0091,"2,266.48"
,,STONE CHARLES AND,E20 17102 0098,224.18
,,STONE CHARLES AND,E20 17102 0099,"2,615.32"
,,DSV SPV2 LLC,E20 17102 0103,"1,991.76"
,,BELCHER JENNIFER LYNN,E20 17102 0164,318.66
,,SAMPLE SHIELA,E20 17102A0068,"2,721.52"
,,GRAND BAHAMA LLC,E20 17102B0007,"2,468.81"
,,BURNS ALYSON K,E20 17102B0037,231.59
,,GRIGSBY ROBERT,E20 17102B0056,"1,315.19"
,,JONES JAMEKA QUINN,E20 17102B0105,"1,268.37"
,,LEVESQUE DAVID AND,E20 17102B0145,"1,329.13"
,,BAKERS HAULOVER LLC,E20 17104 0018,"2,043.26"
,,POPE SAVON,E20 17105A0020,"3,816.55"
,,VOYAGER PACIFIC OPPORTUNITY,E20 17107 0012,"2,573.63"
,,VOYAGER PACIFIC OPPORTUNITY,E20 17107 0016,"2,738.74"
,,PAYNE GREG,E20 17107 0017,"3,209.01"
,,VOYAGER PACIFIC OPPORTUNITY,E20 17107 0019,"2,405.36"
,,SHIRLEY RONALD DEAN AND,E20 17312 0006,"8,483.37"
,,WILLIAMS LARRY,E20 17415 0009,"1,505.27"
,,HUTCHISON JOHN T AND,E20 17415 0022,"1,117.84"
,,BLUE DIAMOND DEVELOPMENT LLC,E20 17501 0016,"17,152.97"
,,FELLOWS FAYE,E20 17503A0037,"2,297.77"
,,MILLER JOSEPH W,E20 17504 0008,848.59
,,PULFORD LYNN ALAN,E20 17507 0027,934.84
,,GALICIA ERIC C,E20 17712 0011,"1,417.79"
,,RECTOR BROTHERS CO,E20 17712 0020,"2,460.22"
,,HUNTER SIVAN,E20 17714 0011,"1,153.24"
,,BROCK C ERIC AND,E20 18003 0074,"1,798.06"
,,GRAND BAHAMA LLC,E20 18005B0020,"4,157.80"
,,WARREN LUCILLE S TR,E20 18115 0015,"9,372.34"
,,SIZELOVE GREGORY,E20 19008 0018,"5,527.08"
,,KOHLBECK TIFFANY,E20 19013 0027,"5,011.41"
,,LEWIS MARY C AND,E20 24112 0001,"1,984.28"
,,HEATHER SMY PROPERTIES LLC,E20 24202 0001,"21,394.08"
,,HEATHER SMY PROPERTIES LLC,E20 24202 0002,"2,705.04"
,,HEATHER SMY PROPERTIES LLC,E20 24202 0015,"1,713.67"
,,HEATHER SMY PROPERTIES LLC,E20 24202 0016,"1,713.67"
,,MILLER JERMAINE A,E20 24204 0036,"2,614.21"
,,BAKER IDA B,E20 24208 0013,889.01
,,CONCH BROTHERS LLC,E20 24212 0004,727.42
,,B.S.A.A.N. DEVELOPMENT LLC,E20 24218 0010,"16,201.03"
,,MIMS LADAWN D,E20 50112 0016,"2,139.25"
,,DOOLEY RENE FRANCES AND,E20 50114 0004,"2,967.10"
,,YAREMA-DUBEL JULIE B,E20 50114 0035,"1,003.31"
E21,HARRISON TWP-NORTHRIDGE LSD,BACK INVESTMENTS LLC,E21 01003 0210,"32,853.84"
,,FOX MANAGEMENT LLC,E21 01004 0048,"74,750.69"
,,TERRELL HEIDI L,E21 01010 0149,"2,765.52"
,,DEPALO JOSPEH,E21 01103 0043,"9,297.85"
,,MORROW MASONRY INC,E21 01103 0058,"3,552.17"
,,ABDELLATIF MOHAMMAD,E21 17201 0017,196.08
,,PEYTON CHRISTINA A DENISE,E21 17204 0035,"2,697.50"
,,CARROLL ANTHONY C,E21 17204 0041,443.37
,,KOGER JR RICKEY L AND,E21 17204 0083,"5,087.16"
,,SAYLER CHRISTOPHER TR,E21 17204 0092,"1,940.32"
,,HURT CORNELIUS,E21 17204 0142,180.19
,,IDEALYNX LLC,E21 17204 0149,244.21
,,HURT CORNELIUS,E21 17205 0085,"2,377.46"
,,ALAN INVESTMENTS III LLC,E21 17205 0110,313.01
,,YATES JAMES R SR,E21 17205A0002,"1,218.38"
,,YATES JAMES R SR,E21 17205A0003,710.43
,,YATES JAMES R SR,E21 17205A0032,278.85
,,YATES JAMES R SR,E21 17205A0033,278.85
,,YATES JAMES R SR,E21 17205A0034,329.7
,,GALLOWAY HAROLD E JR,E21 17206 0044,"4,248.86"
,,SMITH IRENE L,E21 17207 0047,400.04
,,CARROLL RICHARD L,E21 17207 0059,"2,641.28"
,,ANDREWS WADE,E21 17207 0150,"2,018.27"
,,EVP HOLDINGS LLC,E21 17207 0158,"3,003.31"
,,REDEMPTION GOSPEL,E21 17207A0036,170.08
,,EGNOR WALTER + RUBY J,E21 17207A0078,339.89
,,GIBBS CLARENCE N AND,E21 17209 0104,"3,995.98"
,,HATMAKER CHRISTOPHER ALLEN,E21 17303 0197,"3,644.77"
,,SHARP JOHN W,E21 17304 0001,"3,606.67"
,,BOWENS-ADKINS MILDRED ET AL 3,E21 17304 0087,"1,900.83"
,,BOWENS-ADKINS MILDRED,E21 17304 0088,283.38
,,ERTEL KAYLA MARIE,E21 17304 0128,416.95
,,ERTEL KAYLA MARIE,E21 17304 0129,"3,687.07"
,,SHARP JOHN W,E21 17304 0192,75.72
,,ALDERMAN RUFUS DANIEL AND,E21 17306 0091,"2,318.49"
,,LOVELACE ANGELA M,E21 17306 0149,233.57
,,LOVELACE ANGELA M,E21 17306 0150,"1,948.82"
,,MOHARTER PATRICK,E21 17306 0157,417.58
,,KOOPMAN CHERYL,E21 17306 0164,879
,,WHITE LEE H AND,E21 17306 0213,521.79
,,LOVELACE ANGELA M,E21 17306 0214,202.99
,,RINEHART JO ANN,E21 17307 0078,252.15
,,DEPALO JOSPEH,E21 17403 0111,801.09
,,DEPALO JOSPEH,E21 17403 0112,"1,742.71"
,,DEPALO JOSPEH,E21 17403 0113,"1,742.71"
,,DEPALO JOSPEH,E21 17403 0114,"1,742.71"
,,DEPALO JOSPEH,E21 17403 0115,"1,742.71"
,,DEPALO JOSPEH,E21 17403 0116,"1,777.32"
,,MULLINS REALTY LLC,E21 17403 0144,702.89
,,DEPALO JOSPEH,E21 17403 0145,"1,616.52"
,,DEPALO JOSPEH,E21 17403 0146,"1,473.06"
,,RUIZ BALDOMERO AND,E21 17403 0151,"2,173.44"
,,DUDRICK VIRGINIA L,E21 17405 0032,"4,530.66"
,,SIZEMORE EVIE AND,E21 17601 0093,310.75
,,SIZEMORE EVIE AND,E21 17601 0095,310.75
,,EVIE SIZEMORE AND,E21 17601 0097,310.75
,,WILSON THERESA M,E21 17601A0079,"1,793.84"
,,SMITH SUSANNA,E21 17601A0157,858.15
,,LUNSFORD MELISSA A,E21 17602A0035,401.21
,,BOWLING DILL RUSSELL,E21 17602A0059,"3,512.42"
,,GRAND BAHAMA LLC,E21 17603 0038,"2,049.88"
,,DILLON ALEXANDER MATTHEW,E21 17603 0039,"3,154.61"
,,J R INVESTMENTS LLC,E21 17604 0071,"3,150.62"
,,CALDWELL OZAL,E21 17604A0060,752.53
,,CALDWELL OZAL,E21 17604A0061,502.97
,,BOONE OSS MARIE DAWN,E21 18005 0002,886.64
,,BOONE OSS MARIE DAWN,E21 18005 0003,244.77
,,BROWN LORI E,E21 19001 0025,424.04
,,BROWN LORI E,E21 19001 0026,"3,358.07"
,,HEDDEN KIMBERLY AND,E21 19003 0480,"2,411.64"
,,HATTON GLORIA J,E21 24101 0008,"1,551.72"
,,WALLACE EILEEN ANNE AND,E21 24106 0016,"2,976.32"
,,SHULTS ERZALINE A,E21 24106 0034,"6,949.22"
F22,JACKSON TWP-VALLEY VIEW LSD,CORDES BRADLEY S JR AND,F22 01309 0024,"4,361.06"
F23,JACKSON TWP-FARMERSVILLE V-VALLEY VIEW,COMLEY GERALD A AND,F23 00112 0004,"3,446.19"
,,CUMMINGS COLLEEN R AND,F23 00112 0023,"2,920.63"
F24,JACKSON TWP-NEW LEBANON V-N LEBANON LSD,WIELGUS ED,F24 00101 0021,"1,277.10"
F25,JACKSON TWP-NEW LEBANON LSD,WAGNER SONYA,F25 01302 0063,"2,683.32"
,,MOENING JASON,F25 01302 0076,"2,214.21"
G27,JEFFERSON TWP-JEFFERSON LSD,CSX TRANSPORTATION INC,G27 00000 8861,"6,999.05"
,,MARTIN ROBERT E,G27 01611 0007,639.7
,,DILLARD DENEEN,G27 01701 0010,305.6
,,MERKISON JAMES L AND,G27 01801 0063,"1,056.14"
,,GARBER CODY,G27 01808 0021,"3,633.98"
,,LAMB DAVID L,G27 01809 0022,652.65
,,WADE CARL AND,G27 24603 0009,"3,550.24"
G28,JEFFERSON TWP-TROTWOOD MADISON CSD,WILLIAMS MARVIN AND,G28 18206 0004,137.72
,,WILLIAMS MARVIN AND,G28 18206 0005,"1,386.10"
,,YARBER GREGORY,G28 18207 0029,"1,651.85"
G29,JEFFERSON TWP-DAYTON CSD,CLEAN WATER ENVIRONMENTAL LLC,G29 01603 0100,429.67
,,GREEN FLOYD A AND,G29 01603 0134,82.76
,,NAPIER ROBERT E +,G29 18203 0037,52.97
,,WELLS VERNON E AND,G29 18203A0073,"1,967.43"
,,LYONS ANGELA ET AL 3,G29 18205 0047,82.76
,,LYONS ANGELA ET AL 3,G29 18205 0048,"1,372.28"
,,HOWELL GERALD E II AND,G29 18205 0077,300.2
,,LEONARD APRIL LYNN AND,G29 18205 0175,427.32
,,LC HOLDINGS E LLC,G29 18205 0179,52.97
,,GREEN FLOYD A AND,G29 18305 0042,71.17
H33,TROTWOOD-TROTWOOD MADISON CSD,HENDERSON ANTHONY C,H33 00113 0013,"1,729.59"
,,CORTNER RHONDA FORD,H33 00207 0030,"3,871.88"
,,GARCIA DARIO Q AND,H33 00307 0021,"2,726.20"
,,HARRISON VIRGINIA,H33 00308 0042,"3,712.06"
,,GARCIA DARIO Q AND,H33 00309 0004,329.54
,,MATHEWS JACQUELINE,H33 00316 0002,"4,011.74"
,,NORTH ARTHUR AND,H33 00401 0010,"1,838.84"
,,FORD CORTNER RHONDA AND,H33 00418 0020,"3,896.29"
,,MOJICA GERALDINE L,H33 00419 0003,170.83
,,GAFFNEY GLADYS L TR,H33 00603 0015,553.18
,,WILDER ROSALYN,H33 00615 0047,"2,068.95"
,,TROTWOOD IMPROVEMENT CORPORATION,H33 00724 0003,"4,640.83"
,,BOWLING LENVEL J,H33 00817 0054,"1,149.70"
,,BROWN AARON F,H33 00817 0073,58.63
,,SCHOYER RONALD,H33 00817 0094,"2,082.98"
,,MYERS CHARLOTTE AND,H33 00817 0149,"1,396.54"
,,AKBAR MARCELLA,H33 00819 0045,"1,063.69"
,,LAWSON GARY D AND,H33 00910 0002,"3,459.97"
,,HARRISON VIRGINIA,H33 00915 0010,"4,299.02"
,,FOSTER HAZEL M,H33 00917 0004,"7,110.53"
,,DICE JON S,H33 00920 0007,"4,119.04"
,,DICE JON S,H33 00920 0011,271.87
,,LONG TERESA K TR,H33 01007 0014,"3,067.31"
,,BAKER DONALD L,H33 01116 0008,"3,406.08"
,,SOUTH BIMINI LLC,H33 01119 0011,"2,335.18"
,,MCCLURKIN SHA'RITA,H33 01201 0008,"2,000.00"
,,APOLLO & GAIA INVESTMENTS LLC,H33 01201 0033,"2,426.71"
,,HACKNEY DAISY M,H33 01201 0034,"1,282.81"
,,BUCKEYE LAND PROVISIONS LLC,H33 01204 0010,"2,966.98"
,,WILSON SYBIL,H33 01208 0003,"3,182.53"
,,MASSEY PAMELA,H33 01208 0007,"2,087.13"
,,LONG DELENNA,H33 01209 0034,"1,660.57"
,,KINCER LARRY N AND,H33 01212 0006,561.45
,,BROWN JAMES T AND,H33 01212 0046,"2,253.52"
,,GRAYS HARBOR LLC,H33 01213 0011,"2,376.53"
,,SHAYNA LEE DAUITON,H33 01216 0014,"6,590.38"
,,MATHIS TONYA,H33 01220 0009,"1,511.75"
,,METCALF NATHAN,H33 01222 0035,"2,299.35"
,,RUIZ BALDOMERO AND,H33 01304 0007,"2,060.27"
,,TRAMMELL DONALD L AND,H33 01404 0003,"3,075.77"
,,WYANT FRANCES S TRUSTEE,H33 01409 0002,"2,022.32"
,,DAYTON HEALTHCARE,H33 01501 0001,"119,930.72"
,,MASTERS RONALD L AND,H33 01511 0024,"3,810.44"
,,SALEM BEND RECREATION ASSN,H33 01610 0002,202.26
,,PEARSON TROY J JR AND,H33 01613 0027,"3,009.32"
,,BOYD DENISE A,H33 01707 0007,"8,537.20"
,,GASTINEAU FAMILY LLC,H33 01709 0022,410.44
,,GASTINEAU FAMILY LLC,H33 01709 0023,410.44
,,ELLIS ANTHONY JR,H33 02102 0143,242.1
,,IHENACHO CHARLES AND,H33 02103 0125,177.6
,,DAYTON INVESTMENT GROUP 8 LTD,H33 02112 0005,"3,093.39"
,,PARRISH JAMES E AND,H33 02207 0007,976.59
,,SAMS JOSEPH DANIEL,H33 02207 0032,"2,300.70"
,,DICE JON S,H33 02210 0108,334.69
,,TAYLOR CHARLES,H33 02301 0115,"3,254.13"
,,CARYSFORT REEF LLC,H33 02302 0067,482.84
,,HUNTER KIMBERLY AND,H33 02308 0026,"1,806.37"
,,ANDERSON JAMES AND,H33 02310 0088,"1,349.37"
,,FALKNOR RACHEL R,H33 02311 0092,416.51
,,HRACHOVINA DALE,H33 02311 0128,964.85
,,BROWN KENNETH M AND,H33 02311 0209,311.81
,,5017 WOLF CREEK PIKE LLC,H33 2286,344.61
,,FLORENCE RUSSELL,H33 50203 0007,"1,479.43"
,,MCLEMORE KARA,H33 50203 0032,689.2
,,DIXON SHARAY N,H33 50302 0003,"1,251.63"
,,EQUITY TRUST TR FBO,H33 50302 0010,"2,357.11"
,,NORVELL MARCUS,H33 50302 0034,"1,675.08"
H333,TROTWOOD-DAYTON CSD,LUCAS ROGER D,H33300811 0023,85.5
,,DENNIS IRIS GAIL,H33300811 0062,54.05
,,KINSER MEAGAN R,H33300812 0004,884.8
,,PETERSON WILLIE III,H33300813 0004,946.73
,,CHARTRAND KEVIN AND,H33300813 0005,717.68
,,LUCAS JOSEPH C TR,H33300813 0028,56.23
,,LUCAS JOSEPH C TR,H33300813 0029,56.23
,,LUCAS JOSEPH C TR,H33300813 0030,"1,040.75"
,,LUCAS JOSEPH C TR,H33300813 0031,310.42
,,YOUHNG RICHARD S II AND,H33300813 0032,74.72
,,SMITH BILLY M AND,H33300814 0052,380.85
,,SMITH BILLY M AND,H33300814 0053,380.85
,,PETTITT MARGARET,H33300821 0108,313.16
,,RECTOR BROTHERS CO,H33300821 0115,"1,482.48"
,,LOCK BRIAN JOSEPH,H33300822 0003,"1,066.38"
,,ANDERSON ADRIAN MERLE,H33300822 0009,"1,355.35"
,,CLARK JUDITH A,H33300822 0056,760
,,WHEELER JEANINE R,H33300822 0059,897.02
,,INGRAM JAMES E AND,H33300822 0071,"2,822.85"
,,HOUSE OF GOD CHURCH AND,H33300822 0083,140.03
,,THE HOUSE OF GOD WHICH IS,H33300822 0084,140.03
,,THACKER ROBERT WADE,H33300822 0089,708.01
,,PARRISH TYLER,H33300822 0122,"1,065.53"
,,YOUNG NATHANIEL AND,H33300901 0007,314.74
,,ROSA LA DE GONZALEZ VALERIA,H33300901 0038,"2,205.58"
,,CATALPA HOLDINGS LLC,H33300901 0127,883.49
,,DCR ENTERPRISES LLC,H33300904 0054,"2,207.66"
,,WRIGHT WARREN II,H33300905 0027,"2,715.91"
,,COOK LA NINAH AND,H33300905 0074,444.04
,,MACY SAMUEL E AND,H33300912 0152,738.33
,,WICKLINE REBECCA A,H33300913 0204,502.47
,,THOMPSON SHIRLEY,H33300913 0229,"1,116.35"
,,PHILLIPS-MULLINS LISA L,H33301004 0162,544.89
,,FOUST ALVIS D,H33301009 0064,797.57
,,WASHINGTON JEFFERY,H33301009 0108,"2,098.45"
,,KELLUM JOSHUA C,H33301009 0135,"4,471.17"
,,PITTS WILMA JEAN,H33301010 0051,562.72
,,CH DREW INVESTMENT LLC,H33301010 0054,"2,305.99"
,,BRANNON SHEILA E,H33301015 0100,"2,261.88"
,,JOHNSON BEVERLY J,H33301017 0033,"2,849.94"
,,SENTER ANNIE,H33301018 0010,"2,400.49"
,,LUXURIES OF LIFE REAL,H33301022 0001,"2,428.29"
,,SAVORY RONALD,H33301122 0012,"1,971.05"
,,LINDSEY BENNY J AND,H33301307 0037,"2,032.63"
,,SHEPHERD DWIGHT E AND,H33301314 0011,92.25
,,SHEPHERD DWIGHT E AND,H33301314 0012,"6,890.86"
,,UPGRADE PROFESSIONAL WORKERS LLC,H33302201 0058,"3,035.65"
,,WASHINGTON JEFFERY R,H33302201 0069,566.76
,,WASHINGTON JEFFERY R,H33302201 0070,310.93
H334,TROTWOOD-NEW LEBANON LSD,"TRIVETT, ROBERT DEAN &",H3340434,88.98
,,CALLISON JESSICA,H3340826,205.84
,,FULCHER EVAN J,H3342455,55.44
,,GARY L SHILLINGBURG,H3343009,371.07
,,ROWLAND WYNONA,H3343489,93.18
,,"BLEVINS, JOHN & ANGELA",H3344178,182.17
,,SPURLOCK PATRICK & CHERYL,H3347001,223.49
I39,RIVERSIDE CORP-MAD RIVER LSD,FARRIS NATHAN AND,I39 00108 0026,175.55
,,DOUGLAS DAVID H AND,I39 00121 0025,263.61
,,MCCLOSKEY HAZEL M,I39 00308 0038,"2,236.80"
,,PAYTON LARRY AND,I39 00402 0010,"1,779.56"
,,MCMANN BEVERLY A,I39 00402 0029,"2,093.40"
,,BOWLING DAREN D AND,I39 00402 0045,716.31
,,GOSNELL JUSTIN S,I39 00511 0008,"3,486.95"
,,STRINGFIELD WILLIAM L AND,I39 00515 0072,536.65
,,REED JEFFFERY M,I39 00520 0016,"6,812.36"
,,POFFENBERGER PATRICIA,I39 00602 0014,"1,400.08"
,,COMBS LARRY R,I39 00606 0027,"1,782.91"
,,PARSONS ZACKERY ET AL 2,I39 00609 0013,"2,187.05"
,,WILMINGTON SAVINGS FUND SOCIETY FSB TR,I39 00609 0020,553.26
,,SIMMONS JAMES W,I39 00702 0003,762.42
,,ANKENEY ROSE M,I39 00704 0047,"3,633.45"
,,BROWN JACK W AND,I39 00705 0050,"2,451.05"
,,BROWN JACK W AND,I39 00707 0053,306.26
,,ANKENEY YVONNE K,I39 00709 0028,"2,076.30"
,,EVP HOLDINGS LLC,I39 00709 0048,"3,033.71"
,,EVP HOLDINGS LLC,I39 00709 0049,149.04
,,228 IRWIN LLC,I39 00712 0072,213.64
,,ABUNDANCE OF RAIN MINISTRIES INC,I39 00717 0037,160.6
,,HARRISON CHRIS AND,I39 00719 0035,287.29
,,SHPK INVESTMENTS LLC,I39 00906 0047,"7,987.87"
,,WELLS PATRICIA ANN,I39 00908 0046,"2,304.65"
,,LONG BRIAN K,I39 00915 0050,"2,541.28"
,,YATES LINDA C,I39 01013 0021,680.54
,,ORR JEWELL D,I39 01109 0034,"3,392.93"
,,STINSON DANIEL L AND,I39 01119 0013,"3,987.02"
,,Johnson Tammy,I39 0435,61.3
,,SEARCY TERESA,I39 0941,87.04
,,SIZEMORE LUCINDA,I39 1180,129.27
,,"NGUYEN, SANDY",I39 1332,53.75
,,ROAR MELISSA,I39 2754,87.87
,,"KERN, ETHAN",I39 3609,93.58
,,SHAW DAVID,I39 3683,67.41
,,SMITH BIGIA K,I39 5313,121
I391,RIVERSIDE CORP-DAYTON CSD,BLACKBURN MICHAEL S AND,I39101409 0029,"1,905.41"
,,BLACKBURN MICHAEL S AND,I39101410 0057,"1,233.03"
,,HATTON CARRIE M,I39101509 0007,"1,489.52"
,,SMITH FRED V TR,I39101610 0039,"4,014.78"
,,MCKENIZIE;KAREN,I3911120,126.25
,,"MCMAHAN, ROGER M",I3912122,89.31
I394,RIVERSIDE CORP-BEAVERCREEK LSD,USREEB DAYTON LLC,I39401314 0033,"2,623.68"
,,RUBY BUD 1 LLC,I39401506 0041,274.42
,,JEWELL ROBERT ALLEN,I39401514 0005,"6,053.95"
J44,MORAINE CITY-KETTERING CSD,WELCH APRIL,J44 0851,245.41
,,PETTY DAVID,J44 0927,221.34
,,NGUYEN BOBBY P &,J44 1650,698.27
,,VENTURA MIGUEL S,J44 20901 0002,"2,093.42"
,,ROBERTS DAYMON,J44 20901 0007,"4,749.44"
,,MEDDOCK GARY A ET AL 3,J44 20902 0061,294.33
,,MEDDOCK GARY A ET AL 3,J44 20902 0062,74.49
,,WILSON JOHN JR AND,J44 20903 0041,"3,147.57"
,,HILL RICHARD,J44 7000,161.45
J441,MORAINE CITY-WEST CARROLLTON CSD,CSX TRANSPORTATION INC,J44100000 8861,"5,306.56"
,,VOLZ RICK S,J44120909 0008,348.01
,,LAFFERTY ZACHARY K,J44120913 0202,159.63
,,LAFFERTY ZACHARY K,J44120913 0305,201.52
,,TUCKER MELODY,J44120914 0136,615.68
,,PAZMINO MARON,J44120914 0204,"2,063.64"
,,WILEY RONNIE K,J44120914 0248,"1,427.50"
,,KALTENBACH RAYMOND E AND,J44121011 0038,"3,547.62"
,,KALTENBACH RAYMOND E AND,J44121011 0050,"3,352.62"
,,KALTENBACH RAYMOND E AND,J44121011 0069,"2,971.69"
,,ANDERSON SECURITY INC,J44121012 0017,"1,580.03"
,,5224 SPRINGBORO PIKE MORAINE LLC,J44128203 0044,"1,549.79"
,,5224 SPRINGBORO PIKE MORAINE LLC,J44128203 0045,"4,361.18"
,,MCNEALY DENNIS M AND,J44128204 0011,"2,401.61"
,,UZHCA CARLOS AND,J44128204 0040,"3,123.62"
,,DALE CHRISTINA L AND,J44128205 0038,"4,703.74"
J442,MORAINE CITY-JEFFERSON LSD,PAYNE DENNIS R,J44226405 0007,606.83
K45,MIAMI TWP-MIAMISBURG CSD,CSX TRANSPORTATION INC,K45 00000 8861,"4,386.68"
,,"MCCOMMONS, HOWARD",K45 0122,305.21
,,JAMES W LAWSON,K45 0248,256.18
,,BIRCH DUSTIN D,K45 02506 0046,483.27
,,EATON JAMES E,K45 02614A0002,"1,220.11"
,,JACKSON ORPHA,K45 02614A0067,910.27
,,"VANLANDINGHAM, AMY",K45 0354,344.47
,,"CLEARY, CONSTANCE",K45 0403,924.28
,,TITCOMBE JOHN F,K45 0527,108.55
,,HARALDSEN AARON,K45 0596,162.81
,,EVERSOLE KEVIN,K45 0728,60.9
,,MEYER TALON & FAITH ARMBRUSTER,K45 1305,207.88
,,FERNANDES KATHERINE C,K45 1388,427.33
,,"FRENCH,JJOSEPH J & PATRICIA K",K45 1409,396.34
,,"CROOLEY, ROBERT T AND BARBARA R ZAKAR",K45 1440,361.23
,,"KEYS, STAR & SCOTT FIDLER",K45 1666,116.78
,,"STALL, JAMIE & GREG",K45 1936,221.31
,,MARINELLI TERESA,K45 2132,212.64
,,SNOW JOSEPH R AND AYLA M,K45 2231,456.25
,,KISER SHARON,K45 23015 0010,"3,020.73"
,,HALL MADISM,K45 2736,396.95
,,"FREDERICK, DARLA",K45 2769,203.03
,,ETNA PROPERTIES LLC,K45 28321 0016,"11,991.61"
,,ETNA PROPERTIES LLC,K45 28321 0017,"23,608.22"
,,FROST JAMES BURL AND,K45 28336 0032,"11,400.76"
,,DIGGS-COPELAND CHRISTOPHER,K45 2913,"1,344.59"
,,BOWERS PAMELA K,K45 2931,203.03
,,GOLDEN CARRIE YVONNE,K45 2974,496.28
,,CRAMER DOUGLAS,K45 3496,197.16
,,MOORE LARRY,K45 3693,207.88
,,"COOGAN, BRIAN",K45 4045,346.8
,,BORCHERS LLC,K45 50001 0072,"1,336.20"
,,DING LI,K45 50001 0255,"1,951.65"
,,ABLE FLORENCE B AND,K45 50001 0308,"2,208.87"
,,CHAOUALI IMED B AND,K45 50001 0344,"2,151.47"
,,GHROUF LLC,K45 50001 0466,"2,268.27"
,,BAILEY BONNIE K,K45 51105 0043,"3,554.52"
,,KEIFER CATHERINE CALLEJO,K45 51310 0077,350.17
,,SUN HOME SERVICES INC,K45 5467,"1,366.34"
,,ROBERTSON JULIE,K45 5596,175.01
,,"HYDE, ANITA DELPH",K45 5644,198.57
,,"MOORE JR, GLENN",K45 6010,"1,339.61"
K46,MIAMI TWP-MIAMISBURG C-MIAMISBURG CSD,CSX TRANSPORTATION INC,K46 00000 8861,"8,664.47"
,,WALTERS DONNA KAY,K46 00107 0004,"3,650.64"
,,MCCLELLAND PATRICK A AND,K46 00109 0073,150.16
,,YOUNG JACOB,K46 00111A0049,"3,547.22"
,,GRAY DELORISE E,K46 00112 0144,"1,297.72"
,,ISBELL RIKKI L,K46 00115 0031,"3,397.61"
,,BOWMAN LUAN,K46 00116 0006,"3,602.41"
,,MYERS CALEB T,K46 00330 0091,319.57
,,HAUGHT SUSAN L,K46 00331 0110,"2,415.76"
,,KEATON HEATHER A,K46 00508 0029,"3,037.26"
,,GUEVARA VIVIANA V,K46 00513 0019,"1,662.33"
,,JOHNSON LUCRETIA,K46 00606 0013,"6,250.68"
,,KUNKA LAWRENCE A AND,K46 00610 0049,"5,670.41"
,,PETTIT CHAD E AND,K46 01017 0010,"14,514.79"
,,DAVIS ROGER B AND,K46 01105 0017,"1,080.67"
,,QUAD X LIMITED,K46 51460 0001,724.61
,,QUAD X LIMITED,K46 51460 0002,613.22
,,QUAD X LIMITED,K46 51460 0003,736.94
,,QUAD X LIMITED,K46 51460 0004,757.7
,,QUAD X LIMITED,K46 51460 0005,677.81
,,QUAD X LIMITED,K46 51460 0006,735.44
,,QUAD X LIMITED,K46 51460 0007,664.8
,,QUAD X LIMITED,K46 51460 0008,559.07
K47,MIAMI-W. CARROL CSD,ANDREWS MICHAEL L AND,K47 21212 0039,"3,937.45"
,,3-D VENTURES LLC,K47 22907 0023,"4,538.59"
,,NORTH LOGISTICS LLC,K47 50517 0145,"2,094.75"
,,LUCAS JOSEPH C TRUSTEE,K47 50811 0004,"2,220.20"
K48,WEST CARROLLTON CITY,CLARKE PATSY A AND,K48 00105 0010,"6,545.61"
,,POWELL JAMMIE L AND,K48 00105 0096,"4,916.09"
,,ISON ROGER GALE,K48 00117 0024,"4,210.32"
,,JEOFREDA JEFFREY NEIL,K48 00224 0030,148.23
,,STORER JAMES ALLEN,K48 00305 0050,"1,027.25"
,,HENRY TERRY A,K48 00515 0020,375.57
,,PARRAMORE BARBARA,K48 00607 0022,"8,430.05"
,,SUMAS HOLDINGS LLC,K48 00813 0005,"3,786.68"
,,HARTWELL APRIL L,K48 00905 0090,"1,248.69"
,,"PAYNE, JAMES",K48 0689,129.43
,,"TUCKER, CHAD",K48 1022,148.47
,,"TUCKER, CHAD",K48 1889,150.91
,,MAPP BRENDA G,K48 50305 0025,"2,517.58"
,,TEAM EQUITY,K48 50421 0097,"1,362.14"
,,WILLIAMS GINGER Y,K48 50422 0062,"1,346.08"
,,DAVIS STEVEN K,K48 50422 0077,"1,797.55"
,,HULTON ANNETTIA SUE,K48 50422 0087,"1,708.40"
,,"DUBENDRIS, DEBRA",K48 5247,259.04
,,"MOORE, SANDDRA K",K48 6008,338.54
K482,W CARROLL-JEFFER LSD,NEWTON ERIK,K48200921 0006,"1,597.91"
K50,MIAMI-CARLISLE LSD,CSX TRANSPORTATION INC,K50 00000 8861,"4,382.25"
,,BENGE CARL L + RUBY H,K50 02507 0006,"1,127.55"
,,SPARKS KIMBALL SCOT AND,K50 02508 0044,"3,464.48"
,,BURTON ANDREW T AND,K50 18421 0160,197.54
,,TIREY CONNIE,K50 18422 0026,282.87
,,TIREY THOMAS L AND,K50 18422 0027,"1,722.54"
,,TIREY THOMAS L AND,K50 18422 0028,282.87
,,BENGE CARL L + RUBY H,K50 18433 0006,"6,728.00"
,,NIELSEN NICHOLAS AND,K50 18450 0007,526.89
K51,MIAMI-CARLISLE VILL,CSX TRANSPORTATION INC,K51 00000 8861,650.1
L52,PERRY-NW LBNN VIL LS,BURNS THOMAS J ETAL 3,L52 00214 0029,423.75
,,"VANDALE, MICHAEL R",L52 1978,81.57
L53,PERRY-NEW LEBANON LS,MYERS ALICIA T,L53 02907 0037,"3,835.00"
L54,PERRY-BROOKVILLE VIL,SWINT JEAN G,L54 00601 0015,"5,990.53"
L55,PERRY-BROOKVILLE LSD,GRANT TRAVIS EDWARD AND,L55 16506 0009,"3,730.92"
,,BEHNKEN MARILYN K,L55 25505 0005,"5,036.94"
,,BEHNKEN MARILYN K,L55 25505 0006,"1,062.90"
M57,ENGLEWOOD/NORTHMONT LSD,D & G INVESTMENTS RANGELINE PROPERTIES,M57 00310 0054,"2,164.76"
,,D & G INVESTMENTS RANGELINE PROPERTIES L,M57 00310 0056,"11,048.11"
,,SCARBERRY SIBYLLA,M57 00311 0012,"1,940.26"
,,WOLCOTT KEITH M AND,M57 00604 0018,"4,148.97"
,,NORTH PAMELA,M57 00616 0015,"5,906.87"
,,HEMATITE RE I INC,M57 00906 0007,"8,046.67"
M58,UNION/NORTHMONT LSD,COOPER GENE A,M58 00103 0083,"1,497.42"
,,ELK HORN RENTALS LLC,M58 00103 0126,"4,283.14"
,,BOETTCHER FRANK ARTHUR K,M58 00115 0054,"1,082.13"
,,WINER E H,M58 00226 0029,"1,122.82"
M60,CLAYTON/NORTHMONT CSD,DAVIDSON FRANKLIN O AND,M60 00208 0015,"8,220.17"
,,BLAIR TREVA L,M60 03004 0038,"5,824.98"
,,HARDIN BENJAMIN I AND,M60 16301 0061,"3,349.37"
,,CONREX MASTER LLC,M60 16302 0020,477.18
,,MOORMAN MARK S AND,M60 16437 0001,462.68
,,CAMPBELL DWAYNE M AND,M60 25105 0023,"5,458.88"
N64,KETTERING CITY -CSD,PETERSON ELIZABETH M,N64 00109 0055,"5,599.16"
,,MAYS BRENDA,N64 00201 0110,388.7
,,CULPEPPER ALEX L,N64 00202 0017,"1,232.22"
,,ELLIOTT LINDSEY NICOLE,N64 00209 0036,590.14
,,CHICO JOHN L TR,N64 00211 0006,"3,323.67"
,,BENNER JEFFREY L AND,N64 00309 0023,"1,412.15"
,,COLTON WILLIAM A,N64 00402 0046,"7,886.39"
,,FREEZE ANICE MARIE,N64 00406A0064,"2,057.69"
,,HARDY JENNIFER C,N64 00502 0103,"6,624.59"
,,ANTONIOLLI LOUIS,N64 00516 0023,"6,018.11"
,,ROGERS ERIN D,N64 00805 0208,78.13
,,DUDRICK VIRGINIA L,N64 00808 0100,"1,552.15"
,,AMBURGEY LORINA,N64 00809 0070,787.29
,,SNOW DANIEL K,N64 00809 0204,574.48
,,CART STUART E,N64 01002 0002,"2,778.10"
,,O`BRIEN MARIANNA L,N64 01002 0042,"2,771.15"
,,GUNDER DAVID K,N64 01005 0013,"4,193.12"
,,ADDIS JACK D + BETH N,N64 01112 0010,"5,902.39"
,,LONG GEORGE,N64 01213 0063,"1,948.17"
,,POULOS SANDRA K,N64 01405 0031,"3,258.42"
,,TAYLOR STEVEN F AND,N64 01407 0041,"3,545.38"
,,DOLL LINDA,N64 01502 0045,"4,273.67"
,,LYONS MARIE E,N64 01716 0023,"4,658.06"
,,MASTBAUM JOSEPH H AND,N64 02414 0019,"3,657.00"
,,FREESE EVELYN E,N64 02601 0010,"8,853.74"
,,RODGERS NICKOLAS S AND,N64 03505 0056,210.94
,,DAVIS BRANDY R,N64 50214 0067,"2,088.42"
,,"JEFF DAVIS INSURANCE AGENCY, INC",N64 50712 0002,"10,387.36"
O67,WASHINGTON-CENTER CS,EKA LLC,O67 20213 0004,"1,580.51"
,,BUMGARNER ADAM P,O67 21909 0007,"10,927.66"
,,MCLEAN ROBERTA A,O67 22112 0013,"6,463.71"
,,SCHOMMER FREDERICK P AND,O67 22303 0010,"5,486.74"
,,OBORNE PATRICK K AND,O67 28404 0020,"14,184.42"
,,WOODMAN JACK,O67 50009 0016,"5,761.66"
,,MORGANN MATTHEW C,O67 50906 0034,"4,161.94"
,,BLACK JOHN C AND,O67 51113 0033,91.48
,,SCHLEIN RACHEAL E AND,O67 51401 0113,347.03
,,MONTGOMERY SUSAN AND,O67 51409 0104,"4,853.53"
,,SMITH RICHARD S,O67 51409 0132,471.59
,,MONTGOMERY SUSAN AND,O67 51409 0134,351.41
O68,WASH-CENTERVILLE CTY,7266 FAR HILLS LLC,O68 00112 0033,"9,108.13"
,,PATTEN DONALD J AND,O68 01103 0005,"7,942.59"
,,MARY E BROWN PROPERTIES II LLC,O68 01317 0005,"8,051.85"
,,LACH TUESDAY TRUSTEE,O68 50003 0005,"2,788.33"
,,PATTEN DONALD JAY AND,O68 50003 0007,"3,873.10"
,,REGAN KATHLEEN L,O68 50902 0070,994.69
,,BEALS SARAH S,O68 50902 0093,278.66
,,HULTON ANNETTIA SUE,O68 50902 0124,278.66
,,TIPTON JACLYN M,O68 51001 0061,141.29
,,SCHUCK MARY A,O68 51002 0016,80.37
,,WESTFALL DAINA,O68 51016 0075,275.61
,,TRAN KEN,O68 51220 0177,458.44
,,NELSON JAMES R TRUSTEE AND,O68 51220 0213,352.86
P70,HUBER HGTS.-H.H. CSD,PATTERSON LARRY,P70 00202 0116,184.68
,,HOBERT BENNY X,P70 00202 0274,792.11
,,HOBERT BENNY X,P70 00202 0275,"4,838.24"
,,HOBERT BENNY X,P70 00202 0277,171.21
,,HOBERT BENNY X,P70 00202 0294,87.26
,,HOBERT BENNY X,P70 00202 0296,202.31
,,PEPA MILDRED A L,P70 00202 0668,61.91
,,BEAR JEFFREY S AND,P70 00202 1204,"6,197.66"
,,DANG VINH T,P70 00520 0003,"1,660.67"
,,DIZON REGINALD,P70 00614 0025,"4,302.06"
,,HESTER DENNIS E,P70 00906 0004,"4,243.56"
,,SHEETS RONALD E + BOBBY J,P70 00907 0030,"1,746.34"
,,DILLON ALEXANDER MATTHEW,P70 01008 0059,"3,347.96"
,,SAYLOR KELLY,P70 01316 0018,"2,429.86"
,,WILLIAMS PATRICK L,P70 01408 0021,"3,427.11"
,,REIER LAVEDA M,P70 01505 0052,"2,435.94"
,,SUZMAN ALICE R KNA SHIREY ANNA M,P70 01506 0062,"3,383.59"
,,PENIX JAMES,P70 01512 0051,"3,380.09"
,,MALOTT SHAUNNA E TR,P70 01611 0003,"3,583.48"
,,WYATT CHARLES LEE,P70 01611 0027,"3,395.53"
,,TRULY LISA MARIE,P70 01614 0015,"3,069.17"
,,BRANSCUM CHRISTA MARIE,P70 01709 0030,"3,300.44"
,,COMPALEO DEBORAH E,P70 01715 0027,"5,326.87"
,,LIBERT MARK E,P70 01818 0004,"3,793.26"
,,DOAN PHUONG T,P70 01818 0018,"4,097.24"
,,HUBER INVEST CORP,P70 01906 0039,65.21
,,CARSNER CAROL,P70 01919 0041,"3,261.37"
,,NORTH STAR CONCRETE OF,P70 03902 0003,"42,393.17"
,,SALYERS DUSTIN L AND,P70 03905 0004,"2,962.66"
,,NREA VB V LLC,P70 50007 0002,"1,569.38"
,,NREA VB V LLC,P70 50007 0011,"1,740.62"
,,NREA VB V LLC,P70 50105 0016,"1,505.21"
,,HHR BORROWER 3 LLC,P70 50217 0030,"1,802.98"
Q71,OAKWOOD CITY,PARKER GEOFFREY L AND,Q71 00506 0017,"1,639.29"
,,MACDONALD JOHN B AND STACEY,Q71 00711 0013,864.22
,,USREEB DAYTON LLC,Q71 00901 0001,"23,148.59"
,,JAMES DOUGLAS G,Q71 01310 0068,"4,558.34"
,,MCCLOSKEY JAMES P,Q71 01401 0015,"1,357.66"
,,SKIPTON DALE R,Q71 01403 0012,"8,122.78"
,,ZIEGENTHALER MAGDALENA,Q71 01503 0008,"12,043.71"
,,DUNN KATHERINE J AND,Q71 01510 0017,"5,351.83"
R72,DAYTON CITY,CSX TRANSPORTATION INC,R72 00000 8861,"88,420.15"
,,THE AMERICAN NATIONAL RED,R72 00104 0007,672.91
,,THE AMERICAN NATIONAL RED,R72 00104 0008,"1,023.63"
,,DELLSA DEVELOPMENT,R72 00510 0009,"11,515.07"
,,FIRST STREET RECYCLING,R72 01105 0036,218.89
,,APEX PROPERTY HOLDING LLC,R72 01110 0040,"1,817.24"
,,APEX PROPERTY HOLDING LLC,R72 01110 0042,"3,033.01"
,,OCKERMAN MICHAEL P,R72 01209 0048,"1,188.77"
,,WARF ALBEN L,R72 01209 0107,"2,552.81"
,,SHADE TIFFANY,R72 01210 0004,"2,497.03"
,,PASQUOT ERNEST A AND,R72 01211 0016,"5,331.19"
,,WINBLAD CAROLYN J TR,R72 01507 0005,"4,458.41"
,,ICE TOWER LLC,R72 01602 0006,"1,454.39"
,,DAYTON CITY OF,R72 01808 0005,827.28
,,DHARSHI MEHBS,R72 01905 0030,"3,910.23"
,,WAKEFIELD TERRY R SR,R72 02002 0041,"2,359.46"
,,RAVENCRAFT VIRGINIA M,R72 02003 0021,161.85
,,PULLEY MARTIN E AND,R72 02004 0036,"4,317.28"
,,HAYES PATRICK ALLYN,R72 02007 0035,"2,243.17"
,,ZAMARA ZIAD AND,R72 02007 0046,"5,239.67"
,,JUAN OSCAR DIAZ,R72 02102 0020,691.54
,,MERCURI ROBERT AND,R72 02104 0006,"1,483.53"
,,SMITH MOLLY T,R72 02107 0013,"1,046.08"
,,GUTHRIE LUCAS M AND,R72 02201 0013,"2,447.65"
,,LAW KRISTEN M,R72 02203 0073,"2,069.96"
,,SCOLASTICO KRISTEN M,R72 02203 0074,"2,096.47"
,,SWINK DWAYNE,R72 02203 0099,"2,641.20"
,,PRATER LAURA,R72 02204 0001,"1,361.64"
,,LEON MIGUEL ANGEL CORREDOR,R72 02204 0015,"1,714.47"
,,PRATER LAURA,R72 02204 0018,"1,241.73"
,,ALDANA MIQUEL,R72 02204 0029,"1,746.26"
,,FOWLKES RICHARD ALLAN,R72 02204 0048,202.32
,,FOWLKES RICHARD A,R72 02204 0049,741.76
,,NARTKER TIMOTHY A,R72 02204 0054,162.81
,,NARTKER DAVID T,R72 02204 0055,162.81
,,AL-KHATIB KHALIL A,R72 02204 0115,"2,334.31"
,,SKEENS TESSA,R72 02204 0122,925.55
,,CECILIANO RICARDO JOSE ROBLES,R72 02209 0034,704.2
,,DAYTON FLATS LLC,R72 02211 0008,"1,835.66"
,,DAYTON FLATS LLC,R72 02211 0009,"7,363.03"
,,MITCHEM GENE AND,R72 02302 0007,424.61
,,EDGINGTON THOMAS J,R72 02303 0029,"1,383.03"
,,MILLER ELLA MAE AND,R72 02303 0033,"1,500.18"
,,HUMPHREY STEPHANIE,R72 02303 0098,"1,670.72"
,,BUCKNER MARY AND,R72 02306 0005,"2,043.19"
,,MOSQUERA-TOMBE YILDER S AND,R72 02306 0073,919.37
,,TORTORIELLO LUCY,R72 02306 0112,93.83
,,R2H2 PROPERTIEIS LLC,R72 02401B0025,"7,044.63"
,,PEREZ-GAETA JUAN CARLOS AND,R72 02401B0033,"2,273.54"
,,AL-GHAZAWI,R72 02402 0026,659.63
,,BURROUGHS CHARLES A,R72 02405 0011,"1,637.50"
,,GARCIA SANDY,R72 02407B0007,"2,429.22"
,,KASIMU ASUMANI,R72 02410 0011,"1,302.89"
,,NORTH STEPHEN A AND,R72 02411 0017,"2,072.84"
,,CARLSON PATRICIA ANN,R72 02412 0031,"2,629.21"
,,HORTON SAMUEL,R72 02504 0030,"1,294.64"
,,TWIN TOWERS CROSSING II LLC,R72 02504T0049,600.64
,,MAU JULIUS F AND,R72 02506 0022,"1,475.58"
,,STAUP RAYMOND F ETAL 3,R72 02506 0031,"1,654.21"
,,DENIUS ANDREA LYNN,R72 02506 0035,"1,570.00"
,,MAJACK FRANCIS AND,R72 02509 0059,"5,216.98"
,,SHEIBENBERGER THOMAS R,R72 02602 0015,"1,076.20"
,,OH 375 QUITMAN LLC,R72 02606 0009,421.58
,,SAWVELL EVERETT L SR AND,R72 02606 0012,"1,863.57"
,,BUCIO RAMON,R72 02608 0008,"1,896.80"
,,COUGHLIN LARRY R,R72 02609 0016,67.02
,,CLARK SEAN E,R72 02702 0014,740.82
,,NAGY CURTIS,R72 02706 0010,"1,011.59"
,,BUCKNER KENNETH AND,R72 02707 0063,"1,076.58"
,,HOLZ MICHAEL H,R72 03204B0016,"3,340.40"
,,GOODPASTER ELMA M,R72 03301 0050,"3,601.72"
,,QUINONES MOSQUERA ANDRES AND,R72 03401 0023,"2,459.62"
,,TERCERO NOEVICENTE NUNEZ,R72 03402 0052,"3,116.00"
,,BHAI CHRISTOPHER H,R72 03404 0048,"1,541.54"
,,LYNCH MARIA K,R72 03412 0011,"3,052.03"
,,ROBERTS JEANINE,R72 03501 0051,"1,234.16"
,,TODD DONNIE W JR AND,R72 03607 0006,"2,736.78"
,,HERBERT SHARON R AND,R72 03609 0027,580.06
,,HERBERT SHARON R AND,R72 03609 0028,"1,041.91"
,,HERBERT SHARON R AND,R72 03609 0029,"1,508.37"
,,HAYES CYNTHIA L,R72 03801 0050,"2,742.80"
,,RENACS STEVEN C AND,R72 03907 0020,"1,609.13"
,,CLARK JACK LEE JR,R72 03910 0021,"3,959.90"
,,AFFLUENT REAL ESTATE INVESTORS LLC,R72 04001 0034,"5,283.58"
,,B & B PRESTIGE PROPERTIES LLC,R72 04006 0002,"2,469.98"
,,TURPIN DOUGLAS WAYNE AND,R72 04201 0005,916.96
,,BURNS BRIAN SCOTT AND,R72 04201 0018,900.64
,,BOYNTON BEACH LLC,R72 04204 0007,"2,774.11"
,,ARMISTEAD SHERRIE,R72 04205 0051,"1,404.76"
,,MIRZAYEV IBRAGIM,R72 04206 0005,992.34
,,KHALIL FERAS,R72 04206 0012,"1,421.48"
,,SMITH SHERRY LOU,R72 04209 0021,86.1
,,VENTURA CAPITAL LLC,R72 04304 0020,"3,223.37"
,,PEREZ ANGELA,R72 04310 0001,"1,264.99"
,,ADEGBILE OLAKUNLE,R72 04310 0034,"2,562.77"
,,OSBORNE ESTATES LLC,R72 04312 0032,"1,874.52"
,,RODRIQUEZ RITA L,R72 04404 0014,"2,021.70"
,,REED JAKE A,R72 04410 0039,"2,235.36"
,,REED JAKE A,R72 04410 0040,"2,216.34"
,,S&S REAL ESTATE INVESTORS LLC,R72 04410 0069,798.81
,,ALLEN MICHAEL D,R72 04411 0048,918.9
,,HOHMAN RYAN,R72 04413 0002,193.38
,,BROWN TAMMY J,R72 04502 0022,"1,394.57"
,,COMBS DAVID L,R72 04504 0049,258.94
,,HARRISON KENNETH L,R72 04509 0005,"1,373.75"
,,REX RENTALS LLC,R72 04604 0014,641.94
,,LUCAS EVERETT E AND,R72 04604 0037,87.14
,,TALTY ROBERT,R72 04604 0056,82.5
,,TALTY ROBERT,R72 04604 0058,943.37
,,STONE BRENT W,R72 04604 0061,"2,636.78"
,,PEYTON TODD D JR,R72 04605 0010,"1,369.80"
,,HUERTA MARIA AND,R72 04605 0013,725.38
,,KCS PROPERTY MANAGEMENT LLC,R72 04607 0023,"1,495.76"
,,ALDANA MIGUEL A,R72 04608 0049,"1,559.21"
,,PIGG ALVIN C AND,R72 04608 0059,"1,324.77"
,,THOMAS DEBORAH L,R72 04609 0021,90.49
,,GOMEZ JUAN ANTONIO,R72 04610 0011,"2,013.54"
,,HAMM PHUONG THUY DOAN,R72 04701 0051,"1,868.91"
,,HAMM PHUONG T,R72 04701 0052,302.44
,,AGEE DOUGLAS E AND,R72 04702 0043,311.48
,,GRILLOT EDWARD RENE,R72 04702 0056,"1,133.58"
,,KEITH ALBERT L AND,R72 04702 0057,754.87
,,CADDELL MARGARET R,R72 04702 0064,429.86
,,LAWSON JAMES EDWART,R72 04703 0023,59.57
,,MCMILLAN MARY A,R72 04704 0006,"1,401.24"
,,NB FILBERT TRUST BY NORDAN MANAGEMENT,R72 04706 0012,"2,109.70"
,,MUNDY RODNEY S AND,R72 04706 0016,"1,338.70"
,,SIMS TERRANCE,R72 04706 0020,"1,839.63"
,,GLASS KATHERINE D,R72 04706 0025,"3,083.21"
,,LAUDERMILK ANTHONY H,R72 04706 0044,"1,452.91"
,,NORCAP 1 LLC,R72 04707 0121,885.75
,,AGALIYEV KHASAN,R72 04709 0014,"2,982.37"
,,WALDREN VIRGINIA PATRICE,R72 04710 0122,"1,503.48"
,,ISKANDAROVA ROZA,R72 04712 0002,"2,053.70"
,,UMPHREY WILLIAM A JR AND,R72 04712 0030,"1,895.67"
,,BRADBURY JONATHAN M,R72 04802 0060,"2,567.90"
,,BYRD CARL M AND,R72 04803 0016,147.66
,,MALONEY BRYAN N,R72 04803 0105,889.97
,,KROGGEL AARON R TR,R72 04804 0118,419.2
,,USMANOV BAYRAMALI,R72 04805A0054,"1,815.82"
,,DOUGHERTY ANGELA,R72 04806 0006,"1,833.36"
,,ELM GAIL B,R72 04807A0003,"1,978.85"
,,CARRILLO CUSTOM RENTALS LLC,R72 04810 0187,"2,075.86"
,,DJUSB1 LLC,R72 04811 0021,827.42
,,MOORE GREGORY S AND,R72 04813 0001,"1,701.88"
,,ONEY LARRY,R72 04904 0030,"1,572.98"
,,ROBBINS JAMES,R72 05002 0099,82.52
,,AMBER ROSE REAL ESTATE,R72 05005 0002,757.82
,,AMBER ROSE REAL ESTATE,R72 05005 0003,757.47
,,AJ HANA PROPERTY LLC,R72 05007 0001,"1,521.38"
,,ALIYEV BEKZADA AND,R72 05015 0036,"2,113.73"
,,TAKHSILOV ANVAR,R72 05104 0024,"1,986.85"
,,RUPERT CHARLES D JR AND,R72 05106 0054,"1,826.87"
,,OSBORNE ESTATES LLC,R72 05106 0059,"1,216.91"
,,WOOD MARTHA,R72 05106 0078,162.59
,,NAYMIK RYAN C,R72 05109 0035,"1,289.94"
,,ROSE CHRISTOPHER,R72 05112 0008,388.08
,,HUERTA JULIO AND,R72 05202 0041,"1,925.98"
,,OSBORNE ESTATES LLC,R72 05204 0132,841.68
,,BOHARDT WILLIAM P AND,R72 05204 0134,"1,486.16"
,,ALIYEV ALISHER AND,R72 05207 0017,"1,585.76"
,,KAUFMANN PATRICIA,R72 05208 0016,344.16
,,LACEY JAMES C,R72 05208 0018,"1,055.61"
,,PEREZ EDUARDO T,R72 05210 0003,"1,216.95"
,,KIMBALL VERA IRENE,R72 05301 0040,"1,995.81"
,,TRAPAGA OTILIO,R72 05303 0024,459.1
,,THOMAS ANDREA R,R72 05306 0060,204.91
,,ABBASOV KHUSAN AND,R72 05307 0018,"1,662.84"
,,TEMIROVA GULNORA AND,R72 05308 0019,"1,432.62"
,,KENNEDY ROY D,R72 05403 0004,96.85
,,KENNEDY ROY D,R72 05403 0005,777.84
,,ADKINS DANNY,R72 05403 0013,"1,341.24"
,,REX RENTALS LLC,R72 05406 0038,404.85
,,REX RENTALS LLC,R72 05406 0039,"1,682.42"
,,GARCIA SAMUEL,R72 05407 0035,"1,399.99"
,,REX RENTALS LLC,R72 05407 0053,"1,951.33"
,,REED JAMES,R72 05410 0040,275.99
,,NEW AMERICA LLC,R72 05503 0047,"1,295.20"
,,SMITH PATRICK S,R72 05608 0018,881.94
,,SMITH PATRICK S,R72 05608 0019,555.21
,,SMITH PATRICK S,R72 05608 0021,536.74
,,WARMAN JOHNNY D,R72 05608 0042,"6,563.62"
,,SMITH PATRICK S AND,R72 05608 0056,"2,363.32"
,,BOST CLINTON A,R72 05608 0059,347.77
,,ALSAIDY JEBAR,R72 05608 0063,"1,069.27"
,,F S & S LLC,R72 05703 0058,706.95
,,PETERS WILLIAM AND,R72 05703 0116,798.35
,,LAWSON DORIS ANN,R72 05709 0012,"1,030.33"
,,FOWLER HARTLEY,R72 05711 0001,"1,813.01"
,,KHALIL KHATICHA AND,R72 05711 0004,118.02
,,ORR TIFFANY L AND,R72 05801 0032,"1,282.66"
,,FUNCHESS FRED TR,R72 05802 0048,626.93
,,FUNCHESS FRED TR,R72 05802 0049,53.17
,,FUNCHESS FRED TR,R72 05802 0050,53.17
,,GEHRING DIANA HOOGSTRAATE ET AL 4,R72 05907 0074,"1,686.76"
,,BUTLER ROBIN S,R72 06002 0022,"1,530.92"
,,BUTLER ROBIN S,R72 06003 0034,"1,646.95"
,,BUCIO RAMON,R72 06005 0028,693.33
,,BROWN TOBY,R72 06008 0021,"3,300.73"
,,SMITH TIMOTHY LEE AND,R72 06008 0049,807.4
,,MCGEE TYRONE,R72 06010 0028,"1,146.64"
,,PARKER GEORGIA L,R72 06012 0042,"1,136.47"
,,BAKERS HAULOVER LLC,R72 06103 0049,"4,382.23"
,,IVY MICHAEL,R72 06103 0056,"3,683.19"
,,MORRISON VELVET,R72 06108 0010,"2,106.99"
,,SMITH MARCUS L,R72 06108 0040,"1,606.12"
,,TURN AROUND HOMES LLC,R72 06109 0031,"2,616.35"
,,JOHNSON DAVID L,R72 06109 0035,"1,844.90"
,,SMITH SONYA,R72 06109 0043,"1,290.95"
,,USREEB DAYTON LLC,R72 06110 0048,511.38
,,USREEB DAYTON LLC,R72 06110 0050,463.39
,,KING COURIER SERVICES LLC,R72 06202 0012,"2,452.94"
,,LIVINGSTON TIMOTHY L AND,R72 06204 0009,234.23
,,HIGGINS KEITH,R72 06206 0024,"1,877.46"
,,BAKERS HAULOVER LLC,R72 06206 0046,"2,196.53"
,,WOODS KEITH,R72 06209 0004,"3,517.19"
,,LOWTHER TIMOTHY W JR,R72 06209 0038,365.61
,,MORRISON JERRY DINE AND,R72 06209 0041,790.04
,,NJINDOM LLC,R72 06210 0039,"3,487.30"
,,GONZALEZ ELUBIN MOREIRA,R72 06302 0025,"1,122.56"
,,BAKERS HAOULOVER LLC,R72 06305 0006,"1,894.02"
,,BUCKNER MICHAEL,R72 06306 0042,"1,535.53"
,,SNOW LYNETTE,R72 06307 0025,"1,387.98"
,,BAKERS HAULOVER LLC,R72 06310 0057,"2,974.25"
,,IMPACT HOMES LLC,R72 06410 0019,"5,240.08"
,,FERGUSON AMBROSIA,R72 06506 0005,"1,966.89"
,,GRAFTON HILL APARTMENT LLC,R72 06507 0004,"14,791.18"
,,TABIJANIC NEVENKA,R72 06601 0029,350.19
,,VENTURA CAPITAL LLC,R72 06601 0056,"2,067.25"
,,HINES SHIMIKA M,R72 06602 0009,990.64
,,MORRIS LOTTKENDRIA,R72 06602 0016,"1,160.94"
,,NJINDOM LLC,R72 06607 0024,"1,815.11"
,,ALLEN SHARON,R72 06701 0014,51.55
,,CADLE CAROLENE,R72 06702 0021,"1,397.73"
,,DAVID L OGLE PROPERTIES LLC,R72 06702 0043,"2,113.41"
,,FUTURE CAPITAL HOLDINGS LLC A,R72 06703 0074,"2,508.96"
,,LIFE LINE TRUCKING LTD,R72 06710 0021,"4,210.13"
,,PRATER LEONETT AND,R72 06802 0005,"2,178.03"
,,VHA INC,R72 06803 0016,"2,925.98"
,,GORDON BARBARA,R72 06804 0037,107.19
,,THE ISLANDERS LLC,R72 06806 0010,992.83
,,SNOWDEN WILLIAM,R72 06807 0049,"1,577.60"
,,HERBERT LILLIAN A,R72 06808 0009,"1,553.62"
,,BOONE DONALD T,R72 06809 0018,"1,694.70"
,,COACOA PROPERTIES AND INVESTMENTS LLC,R72 06809 0034,"4,539.82"
,,COBBINS DEXTER,R72 06809 0058,"1,683.07"
,,HANSEN TOREY,R72 06810 0020,"2,231.05"
,,RIGHT CHOICE INVESTMENTS MADE EASY LLC,R72 06901 0021,"2,946.82"
,,ROYAL DESIGNS AND INNOVATION HOUSING LLC,R72 06903 0003,"2,607.47"
,,LYLE BRANDI,R72 06903 0052,"1,900.30"
,,REANY DANIEL,R72 06903 0054,"1,724.34"
,,WYOMING LIMITED LIABILITY COMPANY,R72 06904A0012,"2,056.59"
,,ALDANA MIGUEL,R72 06905 0025,"1,345.65"
,,TALBOTT ROBERT P AND,R72 06906 0012,"2,644.85"
,,HUGHES RHONDA C,R72 06907 0001,"1,656.25"
,,BAKERS HAULOVER LLC,R72 06907 0045,"3,368.79"
,,E JOSEPH LOWE MD INC,R72 06907 0047,855.2
,,BAKERS HAULOVER LLC,R72 06908 0012,"4,796.73"
,,RAKESTRAW WILLIAM A,R72 06910 0060,464.78
,,DILLARD JOVAN,R72 06910 0072,"3,871.31"
,,K & J HOME IMPROVEMENTS LLC,R72 06910 0080,105.43
,,STATLER MARVIN LEO,R72 07001 0009,693.09
,,JOURNEY REAL ESTATE VENTURES INC,R72 07008 0014,"1,528.08"
,,TOSHNER DANIEL,R72 07009 0054,"1,898.41"
,,CATALPA HOLDINGS LLC,R72 07011 0054,"1,702.88"
,,VAUGHT TAMARA,R72 07101 0013,511.65
,,VAUGHT TAMARA,R72 07101 0015,661.38
,,VAUGHT TAMARA,R72 07101 0017,488.83
,,VAUGHT TAMARA,R72 07101 0019,505.82
,,YOUNG DEMETRIUS L,R72 07104A0011,"1,330.23"
,,JONES SHERMAN L AND,R72 07104B0026,"2,659.14"
,,GUPTA SURESH MD,R72 07106 0006,"2,751.28"
,,LUM PAUL A TRUSTEE,R72 07106 0018,"3,183.86"
,,ROSS JERRY AND,R72 07107 0004,"1,586.05"
,,STEPHNEY TURNER JACINTA T,R72 07107 0052,"1,334.82"
,,JDSF HOLDINGS LLC,R72 07109 0024,144.56
,,WAHRER SCOTT ROBERT,R72 07110 0021,"2,179.31"
,,BREWER ERIC D,R72 07201 0010,"2,533.50"
,,K AND J HOME IMPROVEMENTS,R72 07201 0036,"2,750.74"
,,FRANCEN KATHERINE L,R72 07208 0033,"1,970.40"
,,FOSKUHL TRACY,R72 07209 0010,244.75
,,HILL GORDON E,R72 07209A0027,328.37
,,P3 SECURE LLC,R72 07305 0009,"2,804.76"
,,TERRY JW R III,R72 07306 0009,"3,045.83"
,,HINES TAMMY,R72 07306 0017,"3,008.03"
,,HINES CHRISTINE AND,R72 07307 0021,"4,101.34"
,,SHAFFRAN JOHN AND,R72 07308 0020,949.01
,,BARCINAS MARIA A,R72 07309 0001,"1,594.09"
,,DE LA CRUZ BELIZA,R72 07309 0027,328.8
,,BROWN MICHAEL,R72 07403 0033,"3,186.38"
,,ANDERSON WILLA D,R72 07510 0005,222.64
,,MILLER MARK A,R72 07510 0015,"2,236.02"
,,BAK ADAM,R72 07510 0017,900.91
,,RICHARDSON DEBORAH,R72 07510 0048,"1,896.81"
,,"SEF RENTALS, LLC",R72 07604 0032,85.44
,,SAMARITANO SALVATORE,R72 07609 0025,"1,100.41"
,,LAWSON BRENT,R72 07610 0029,346.69
,,LAWSON BRENT,R72 07610 0030,"3,276.69"
,,LAWSON BRENT,R72 07610 0037,301.74
,,LAWSON BRENT,R72 07610 0039,89.58
,,LAWSON BRENT,R72 07610 0040,76.42
,,DANIELS MARY,R72 07701 0023,248.21
,,DAVIS MELISSA,R72 07701 0032,"10,314.80"
,,BLAINE ROGER T,R72 07703 0006,"1,172.97"
,,ENTRUST ADMINISTRATION TRUST,R72 07703 0015,"2,052.18"
,,JONES VALITA C,R72 07704 0011,"1,870.18"
,,NIMOCK MAJOR L,R72 07704 0028,275.34
,,PATTERSON AUTUMN,R72 07706 0005,"1,207.79"
,,REED YVONNE MCNAIR,R72 07707 0032,"1,041.77"
,,MCGHEE STEPHONE,R72 07707 0072,"1,261.93"
,,JONES EDWARD G AND,R72 07709 0085,204.2
,,NALLS LARRY,R72 07710 0003,"1,241.87"
,,BELT CONSTANCE J,R72 07710 0039,"2,099.42"
,,BURKE AYANA K,R72 07711 0008,"1,078.87"
,,LOWE TINA,R72 07711 0064,"1,254.64"
,,TAYLOR AARON,R72 07711 0087,"2,192.79"
,,MERRITT MARILYN A,R72 07901 0015,969.64
,,JR SPENCER BENNIE R,R72 07901 0063,"2,303.47"
,,MOTLEY JOHNNIE MAE,R72 07902 0005,886.74
,,EVANS DARYL I,R72 07907 0014,"1,029.86"
,,EVANS DARYL I,R72 07907 0015,"5,607.20"
,,EVANS DARYL I,R72 07907 0016,"12,028.07"
,,EVANS DARYL I,R72 07907 0017,644.57
,,EVANS DARYL I,R72 07907 0018,358.7
,,EVANS DARYL I,R72 07907 0019,358.7
,,EVANS DARYL I,R72 07907 0020,219.17
,,EVANS DARYL I,R72 07907 0021,213.79
,,EVANS DARYL I,R72 07907 0022,213.79
,,EVANS DARYL I,R72 07907 0023,208.47
,,STATLER MARVIN LEO,R72 07909 0007,"1,377.88"
,,LEE JOHN HENRY,R72 08002 0024,"2,068.84"
,,BRONAUGH PHILLIP E JR,R72 08003 0029,"1,994.39"
,,WILLIAMS IDA D,R72 08003 0033,82.66
,,BROWN NATHANIEL,R72 08004 0021,"2,441.89"
,,RICHARDSON MARY E,R72 08005 0026,"1,338.32"
,,WAGNER MARY LOUISE,R72 08106 0024,209.05
,,JAMES CLEO D,R72 08106 0029,95.64
,,PATTERSON AUTUMN,R72 08106 0041,"1,435.64"
,,STEPPS BETTY J AND,R72 08107 0034,"1,739.20"
,,JEFFERSON POCOLIA B,R72 08107 0049,631.45
,,STATLER MARVIN LEO,R72 08109 0015,"2,265.27"
,,DUNSON-NIMMO JO A AND,R72 08109 0078,"1,916.56"
,,LONG PAUL,R72 08110 0008,"1,448.26"
,,PIAGA SAMUEL LLANO,R72 08110 0062,60.14
,,S & S REAL ESTATE INVESTORS LLC,R72 08201A0006,927.6
,,HILL ANTHONY A,R72 08202 0043,646.6
,,WILLIAMS HOWARD R + IDA A,R72 08202 0103,100.63
,,ROSS LARRY AND,R72 08205 0025,66.7
,,JONES MARY E,R72 08208 0063,593.69
,,GENERAL INTERCESSORS OUTREACH MINISTRY,R72 08211 0034,124.15
,,ALDAGHISTIANI MOHAMMED,R72 08212 0010,"1,175.22"
,,ALDAGHISTIANI MOHAMMED,R72 08212 0012,543.63
,,ALDAGHISTIANI MOHAMMED,R72 08212 0013,303.24
,,PERRY JOHN L AND,R72 08301 0012,"1,512.75"
,,PERRY JOHN L AND,R72 08301 0014,"2,836.50"
,,NIMOCK MAJOR L,R72 08301 0064,160.47
,,KYLES MARK B JR,R72 08307 0034,"2,290.16"
,,MASJID AT-TAQWA,R72 08311 0039,775.32
,,TAQWA MASJID AT,R72 08311 0044,"1,347.05"
,,CALLIER MARION ERNEST +,R72 08311 0054,174.68
,,MASJID-AT-TAQWA,R72 08313 0061,422.35
,,TAQWA MASJID AT,R72 08313 0062,"1,339.42"
,,TAQWA MASJID AT,R72 08313 0064,159.19
,,PARKS DARLENE,R72 08404 0035,547.77
,,STATLER MARVIN LEO,R72 08406 0046,"2,275.68"
,,MINOR JESSICA,R72 08603 0003,815.22
,,MIMS JEFFREY J JR,R72 08604 0020,629.21
,,WOODS KEENAN,R72 08707 0045,"1,714.70"
,,BROWN ELIZABETH TR,R72 08708 0012,"2,109.14"
,,BROWN ELIZABETH TR,R72 08708 0014,"2,080.08"
,,BROWN ELIZABETH TR,R72 08708 0061,"2,106.44"
,,BROWN ELIZABETH TR,R72 08709 0010,"3,264.56"
,,ISREAL WILLIAM,R72 08709 0030,"1,817.72"
,,NIMOCK MAJOR L,R72 08713 0001,130.42
,,SHAFFRAN JOHN P,R72 08802 0025,"1,071.48"
,,LANE ANTWON,R72 08802 0078,159.53
,,NUR MUHAMMAD Y,R72 08805 0030,111.89
,,ROBINSON MIA,R72 08806 0023,525.91
,,STINSON THOMAS AND,R72 08807 0016,"1,612.66"
,,WATERS TYRONE,R72 08807 0032,673.22
,,KILBY KEVIN L,R72 08808 0037,917.53
,,WILLIAMS WILLIAM E,R72 08808 0047,74.83
,,WILLIS TIMOTHY,R72 08901 0042,648.22
,,WILLIS TIMOTHY,R72 08901 0044,616.6
,,WILLIS TIMOTHY,R72 08901 0046,334.47
,,WILLIS TIMOTHY,R72 08901 0047,353.2
,,WILLIS TIMOTHY,R72 08901 0106,192.27
,,TRAMMELL RALEIGH,R72 09001 0032,151.82
,,WILLIAMS GLENN C,R72 09004 0003,185.62
,,WILLIAMS HILARY,R72 09008 0012,"1,318.81"
,,DAYTON CITY OF,R72 09102 0002,69.35
,,ELI PROPERTIES LLC,R72 09102 0026,"1,527.20"
,,BRADEN ALLENE,R72 09104 0050,"1,146.91"
,,BOATWRIGHT JESSE,R72 09105 0029,508.5
,,THOMAS KYRA,R72 09202 0012,"1,359.90"
,,MORGAN CLIFFORD A,R72 09202 0046,166.68
,,MORGAN CLIFFORD A,R72 09202 0047,276.78
,,MORGAN CLIFFORD A,R72 09202 0048,276.78
,,HILL RYAN,R72 09202 0049,"1,764.08"
,,HILL RYAN,R72 09202 0050,513.81
,,HILL RYAN,R72 09202 0051,"1,056.24"
,,MORGAN CLIFFORD A,R72 09202 0057,123.73
,,MANSION GROUP LLC,R72 09204 0007,947.01
,,NJOKU LISA A,R72 09204 0020,695.61
,,SMITH MARCELLUS H,R72 09302 0001,"3,790.10"
,,MOORE CHARLES H III,R72 09302 0041,"1,832.47"
,,LOPEZ JOSE F,R72 09304 0019,"1,849.71"
,,MITCHELL ALICE,R72 09308 0007,956.09
,,BLACK CRISHEA,R72 09309 0061,"1,314.22"
,,CLAWSON RONALD L,R72 09401 0006,"1,176.30"
,,COPELAND DARYL E,R72 09401 0082,159.53
,,COPELAND DARYL E,R72 09401 0083,"1,936.11"
,,MCGHEE ROBERT D JR ET AL 5,R72 09503 0016,"1,958.10"
,,MCKEE DORIAN C,R72 09503 0029,"1,345.27"
,,GRAVES ANDREA,R72 09507 0012,"1,266.70"
,,PRICE LINDA K,R72 09602 0001,"1,672.44"
,,BOWERS ELZABETH,R72 09602 0029,939.14
,,ENGLISH MARSHALL JR,R72 09605 0008,"2,028.87"
,,THE CENTER FOR AFFORABLE HOUSING CORP,R72 09606 0007,"1,988.67"
,,LONG BARBARA J,R72 09606 0031,462.11
,,THE CENTER FOR AFFORABLE HOUSING CORP,R72 09606 0072,84.01
,,RUTLEDGE MONICA HENRY,R72 09710 0008,712.83
,,JONES MARK ANQUAN,R72 09803 0010,763.68
,,NEVINS DONTE J,R72 09804 0024,"1,182.59"
,,SIMPSON-MORRIS VERLEAN,R72 09804 0044,"1,332.39"
,,MORRIS LEON AND,R72 09804 0052,142.06
,,MOORE MARSHA E,R72 09805 0022,814.72
,,JONES MARK A,R72 09805 0067,"1,043.61"
,,BRASSFIELD JAMAL,R72 09806 0047,"1,113.28"
,,BRADLEY ERIC D AND,R72 09807 0058,999.78
,,TAYLOR MARY FRANCES MALONE AND,R72 09810 0011,877.79
,,GANGER THOMAS AND,R72 09902 0077,"1,196.62"
,,ROSS DEMETRISH,R72 10208 0037,"1,348.04"
,,THOMAS SHANNON C,R72 10401 0015,"1,669.60"
,,HENDRIX DAVID R,R72 10401 0039,446.57
,,EDWARDS STEFANO L,R72 10402 0032,143.88
,,CASH CORNELIUS,R72 10403 0019,904.17
,,ROBERTS GLENDA,R72 10403A0087,"2,454.64"
,,CASEY SHEILA ET AL 7,R72 10403B0033,267.05
,,CASEY SHEILA ET AL 7,R72 10403B0034,896.18
,,BEASON ANNIE LOIS,R72 10403B0055,156.59
,,NUR MUHAMMAD,R72 10408 0001,105.99
,,NUR MUHAMMAD,R72 10408 0002,119.67
,,NUR MUHAMMAD,R72 10408 0011,101.57
,,NUR MUHAMMAD,R72 10408 0015,98.22
,,NUR MUHAMMAD,R72 10408 0017,95.93
,,NUR MUHAMMAD,R72 10410 0012,66.52
,,HARRIS LEONARD V,R72 10506 0075,"2,637.85"
,,WILLIAMS ARNOLD CHAD,R72 10607 0046,"1,360.48"
,,BREID HOLDINGS LLC,R72 10607 0068,"1,381.58"
,,HIG OH2 LLC,R72 10607 0089,"3,298.94"
,,HILL SCHOEN M,R72 10608 0031,"2,163.04"
,,GRAYS HARBOR LLC,R72 10609 0030,"2,704.55"
,,BROWN SAMUEL JR,R72 10903 0007,"3,233.68"
,,CITY OF DAYTON,R72 10906 0007,909.32
,,CITY OF DAYTON,R72 10906 0008,992.64
,,SAGER CORY N,R72 10906 0020,"1,153.68"
,,EQUITY TRUST COMPANY,R72 10909 0022,"5,072.32"
,,BAKER'S HAULOVER LLC,R72 10909 0038,"6,271.94"
,,KELCH JAYNE,R72 10910 0015,"2,293.71"
,,HIG OH2 LLC,R72 11003 0033,64.24
,,RICHARDSON SHAWN ALEXANDER,R72 11003 0043,"1,474.90"
,,VOYAGER PACIFIC OPPORTUNITY FUND II LLC,R72 11004 0025,"2,137.69"
,,DAVIS RONALD E,R72 11007 0006,"1,679.77"
,,THOMAS TYREE,R72 11010 0006,"1,317.71"
,,RAMEY LUCY R,R72 11102 0006,412.82
,,WATROUS DEREK,R72 11103 0012,"2,588.23"
,,CARLIN RONALD,R72 11105 0032,"2,011.39"
,,ZEHE MICHAEL,R72 11106 0025,"2,800.61"
,,AGUAYZA SALVADOR,R72 11106 0030,584.38
,,FCMS R.E. INVESTMENTS LLC,R72 11201 0021,193.06
,,LUXURIES OF LIFE REAL ESTATE LLC,R72 11203 0017,"2,332.33"
,,HOUGHTON DOUGLAS,R72 11205 0024,"2,386.01"
,,OLADELE DOMINIC,R72 11206 0002,"2,336.45"
,,HILL GORDON,R72 11207 0022,188.76
,,HERNANDEZ DAVID,R72 11208 0046,"2,664.30"
,,SAGER CORY N,R72 11303 0049,"1,517.27"
,,AUSTIN ALLISON AND,R72 11307 0022,"1,779.46"
,,TARRANCE JESSICA C,R72 11403 0018,"2,269.26"
,,LIZGRAND LLC,R72 11405 0046,"1,049.68"
,,MOORE CURRIE,R72 11406 0049,297.9
,,LEFT WRIGHT HOLDINGS LLC,R72 11501 0001,614.46
,,THOMPKINS ISAIAH AND,R72 11507 0048,260.49
,,BROWN MARKETA Q,R72 11507 0049,"1,264.49"
,,TESFAYE NEBIYU,R72 11508 0027,"2,807.24"
,,GATT CHRIS,R72 11508 0035,"3,346.75"
,,DDD MAINTENANCE & INVESTMENTS LLC,R72 11508 0055,"1,834.41"
,,LONG OFF LLC,R72 11508 0070,83.68
,,JONES KEVIN,R72 11509 0029,323.95
,,STATLER MARVIN LEO,R72 11602 0057,"1,957.24"
,,GOLD TICKET PROPERTIES LLC,R72 11604 0023,"4,301.72"
,,ROBINSON CRAIG A AND,R72 11606 0014,258.06
,,OLADELE DOMINIC,R72 11701 0011,809.46
,,TERRILL DAVID TR,R72 11703 0011,"1,230.72"
,,WOLF KARON L,R72 11705 0028,"1,177.10"
,,SAGER CORY N,R72 11806 0001,"1,815.87"
,,ASOLO INVESTMENTS LTD,R72 11908 0010,"1,668.76"
,,DAYTON CITY OF,R72 11913 0067,314.75
,,BENTLEY JOHN A ETAL 3,R72 11914 0015,823.69
,,BAKERS HAULOVER LLC,R72 11916 0010,"2,134.39"
,,HARRIS RICHARD C,R72 12002 0008,"2,325.60"
,,BOFFMAN WILLIAM M + OCIE M,R72 12003 0035,54.75
,,WEISS HOLDINGS LLC,R72 12004 0011,79.89
,,WILLIAMS JOE F JR,R72 12014 0022,929.88
,,CROSBY SAMUEL JR ET AL 3,R72 12015 0042,446.9
,,MOSLEY TILLMAN III,R72 12101 0016,"2,382.57"
,,THOMPSON VESTER ET AL 3,R72 12102 0006,"1,016.78"
,,DAYTON CITY OF,R72 12105 0002,"5,328.29"
,,ROWE MARY E,R72 12106 0008,"1,615.37"
,,HANDYMAN HOUSE BUYERS LLC,R72 12107 0012,"1,532.09"
,,IVY EDDIE W,R72 12107 0052,"1,711.19"
,,DAYTON CITY OF,R72 12110 0011,"1,573.90"
,,FRAZIER LELA,R72 12112 0099,"2,318.56"
,,VANCE WILLIAM E JR,R72 12112 0121,467.23
,,HULAND RODNEY T,R72 12112 0126,583.1
,,VOYAGER PACIFIC OPPORTUNITY,R72 12112 0194,"1,653.21"
,,BROWN BESSIE E,R72 12112 0219,471.15
,,VANCE WILLIAM E JR,R72 12112 0257,"2,071.39"
,,RICHARDSON DUANE B,R72 12113 0068,"1,456.27"
,,FLETCHER LISA,R72 12113 0083,258.57
,,GOOD STEWARD,R72 12113 0147,"1,949.20"
,,TURNER PATRICIA,R72 12204 0012,"1,035.71"
,,TAYLOR YVONNE E,R72 12204 0031,"1,146.25"
,,FLORENCE ALMA D AND,R72 12204 0045,"5,810.03"
,,TOTTY SHERRY M,R72 12205 0008,"1,376.43"
,,BROOKS DARRYL,R72 12205 0020,"1,132.00"
,,LEWIS SHAWN,R72 12208 0062,"2,948.22"
,,BIRDEN WILLIAMS JANAE D,R72 12209 0030,"1,989.14"
,,SMITH RUSSELL C,R72 12210 0027,969.57
,,GREGG DEAN AND,R72 12301 0039,"1,722.51"
,,HARRIS DAN + VER DREE W,R72 12301 0047,80.44
,,LONG ALBERTA,R72 12302 0001,"1,870.54"
,,HOGUE KENNETH,R72 12302 0005,74.61
,,HOWARD HERMAN H,R72 12303 0010,781.4
,,REED GAYLE E,R72 12303 0025,"1,203.00"
,,STINSON RUBY MAE ET AL 4,R72 12304 0066,"2,095.87"
,,BROWN ELLA AND,R72 12305 0048,"2,192.89"
,,HOWARD HOLLYN,R72 12306 0007,"1,372.39"
,,BOYCE JACOB CHRISTOPHER,R72 12306 0021,"1,393.25"
,,AGNEW LISA,R72 12306 0044,"1,288.90"
,,A&E CONTRACTOR LLC,R72 12306 0062,"1,115.14"
,,ALDANA MIGUEL A,R72 12306 0070,"1,350.64"
,,KYCE ADAM LLC,R72 12308 0053,"4,649.72"
,,DAYTON GETTYSBURG INC,R72 12309 0008,"5,199.59"
,,SHINE ROSE M,R72 12311 0005,138.35
,,VOYAGER PACIFIC OPPORTUNITY,R72 12311 0016,"2,405.95"
,,VOYAGER PACIFIC OPPORTUNITY,R72 12312 0004,"2,543.82"
,,WHITE LEONA ANITA,R72 12313 0014,233.97
,,WINN SHANEL,R72 12402 0008,979.85
,,DAVIS STEPHANIE R,R72 12402 0015,"1,004.60"
,,RUCKER ANTOINETTE N,R72 12403 0013,660.32
,,HARRIS SYLVIA,R72 12403 0048,125.34
,,TAYLOR KENNETH A,R72 12409 0016,"1,224.34"
,,SMITH BOBBY RAY,R72 12411 0093,276.63
,,BROWN ADA ELOIS,R72 12412 0012,100.32
,,MUKES JOHN T,R72 12414 0019,202.92
,,MUKES JOHN T,R72 12414 0105,168.3
,,MUKES JOHN T,R72 12414 0107,168.3
,,PAYNE GREG,R72 12415 0008,"2,431.67"
,,RUN UP CONSTRUCTION & HOME REHAB LLC,R72 12415 0026,"3,483.63"
,,LONG PREVELLA ETAL,R72 12501 0001,94.48
,,A&E CONTRACTOR LLC,R72 12504 0006,"1,325.08"
,,JONES HAROLD,R72 12505 0025,259.9
,,MADDOX BARBARA,R72 12505 0027,634.53
,,LANE INDIA,R72 12505 0044,714.38
,,BIZZELL ENTERPRISES LTD,R72 12506 0026,998.75
,,SHARP TYYANNA,R72 12506 0028,674.81
,,DILLARD DENEEN,R72 12506 0040,370.69
,,KIDD KEENAN C,R72 12509 0041,"1,279.70"
,,BELL ANNIE J,R72 12509 0042,726.35
,,RUCKER-THOMPSON LESLIE ANN,R72 12601 0017,189
,,GRAY JAMES A SR,R72 12601 0023,"1,459.84"
,,COTTRELL GREGORY E,R72 12602 0001,885.89
,,RIDLEY LAVERNE,R72 12602 0012,119.74
,,UPSHAW AME CHURCH,R72 12602 0023,450.1
,,COLSTON WILLIE JOHN,R72 12603 0008,622.43
,,TERRELL NELLIE DORIS,R72 12603 0013,"1,990.95"
,,CAIN GREGORY JERMOL,R72 12603 0019,"1,417.78"
,,DOUGLAS JAMES H,R72 12603 0052,530.38
,,STARK DERRICK EARL  JR,R72 12604 0035,"1,278.13"
,,CHAPMAN RUTH V,R72 12604 0045,341.55
,,VAUGHN MARY ELIZABETH,R72 12605 0012,"1,053.39"
,,GUY WESLEY L AND,R72 12605 0019,"1,260.24"
,,DURR BOBBY J,R72 12606 0009,243.8
,,ROBINSON KARROLL,R72 12606 0026,613.36
,,WHITE STEVE,R72 12606 0034,985.84
,,STALLWORTH EDWARD,R72 12606 0044,"3,401.65"
,,MORRIS LOTTKENDRIA,R72 12610 0006,114.83
,,LANGSTON FREDDIE,R72 12701 0003,696.13
,,WRIGHT STEFAN,R72 12702 0014,"1,550.07"
,,GIBSON-SHACKLEFORD EBONY SASHA,R72 12702 0027,"1,794.39"
,,DAVIS CHARLES,R72 12702 0029,281.12
,,DAVIS CHARLES,R72 12702 0030,349.01
,,RICHARDSON DARRELL V,R72 12703 0011,"1,033.49"
,,TURNER JATSON,R72 12706 0002,70.58
,,SMITH ARLENA,R72 12709 0037,186.93
,,GOMEZ MARTHA C,R72 12710 0029,939.18
,,CAMACHO BRIAN,R72 12711 0015,"2,074.19"
,,MARABLE STEPHEN L,R72 12803 0024,"1,054.10"
,,THOMAS SANDRA A,R72 12803 0027,"1,386.32"
,,BELT CONSTANCE J,R72 12805 0002,"2,291.11"
,,MCCALISTER CLEVELAND S IV AND,R72 12805 0022,"3,447.16"
,,NJINDOM LLC,R72 12806 0040,"1,947.48"
,,FINLEY ANNETTE D,R72 12902 0011,"1,011.00"
,,SHELTON LAQUITA,R72 12903 0014,"1,124.92"
,,WILLIAMS JULIUS D,R72 12904 0015,105.04
,,BELLA BLACK LLC,R72 12904 0017,"1,787.86"
,,BELLA BIREK LLC,R72 12904 0018,123.66
,,USREEB DAYTON LLC,R72 12905 0017,"1,783.60"
,,BRANDENBURG DAVID,R72 12905 0018,185.37
,,BELL PAMELA,R72 12906 0022,"8,181.63"
,,DIXON RUBIN L JR AND,R72 12907 0033,212.42
,,SIMS SEAN,R72 12908 0032,676.48
,,KIDA HUBERT AND,R72 12909 0015,87.8
,,SUMLIN EVA MAE,R72 12909 0027,"1,372.49"
,,ARNOLD SHARON ELAINE,R72 12909 0030,"1,765.22"
,,SMITH DALE,R72 12909 0036,"1,072.42"
,,REED CHARLES M AND,R72 12910 0031,666.09
,,WRIGHT JOHNIE MAY,R72 12913 0015,"1,028.59"
,,WHITFIELD NICOLE L,R72 12914 0031,"1,517.31"
,,WILLIAMSON ELISHA AND,R72 13001 0005,279.31
,,HUNTER CATHERINE,R72 13001 0008,349.02
,,QUINN WILLIE D + LUCILLE,R72 13003 0047,55.86
,,CATALPA HOLDINGS LLC,R72 13004 0063,"1,162.40"
,,TERRELL NELLIE D,R72 13005 0011,"1,520.14"
,,TOWNSEND JAMES,R72 13005 0023,175.95
,,PHILPOT DE'ANDRE J SR,R72 13007 0032,"1,347.48"
,,TURNER SAUNDRA,R72 13008 0035,"1,393.16"
,,BAILEY JOSIE ETAL 3,R72 13009 0038,53.96
,,TRAMMEL EUNICE W,R72 13101 0022,82.41
,,KEMBO INVESTMENTS OHIO PARTNERS LLP,R72 13108 0001,"19,308.25"
,,KEMBO INVESTMENTS OHIO PARTNERS LLP,R72 13108 0003,200.38
,,SANDERS WILLIE JR,R72 13108 0007,"1,142.11"
,,KEMBO INVESTMENTS OHIO PARTNERS LLP,R72 13108 0039,195.02
,,BLANKS GREGORY AND,R72 13201 0006,158.97
,,NIMOCK MAJOR L,R72 13201 0059,171.18
,,NIMOCK MAJOR L,R72 13202 0006,197.27
,,NIMOCK MAJOR L,R72 13202 0007,171.18
,,BAKERS HAULOVER LLC,R72 13211 0047,"2,801.59"
,,RAGLIN MILDRED L TRUSTEE,R72 13211 0153,514.52
,,HILL-BROWN CHRISTOPHER  LEE ETAL 3,R72 13213 0006,123.91
,,CHALHOUB RAMI,R72 13213 0091,"19,051.94"
,,ARMSTRONG GARY AND,R72 13214 0056,497.37
,,OLIVER NORMA JEAN,R72 13301 0025,"1,469.60"
,,THOMAS CRAIG,R72 13303 0012,77.75
,,EQUITY TRUST COMPANY,R72 13307 0010,166.41
,,WILLIAMS JOHN R,R72 13310 0003,"1,727.48"
,,ALEXANDER QUINTON,R72 13310 0021,99.66
,,COBBINS JOHN N,R72 13312 0011,"2,391.57"
,,HOPSON RICHARD,R72 13312 0042,"1,203.70"
,,WARFORD LILLIE MAE,R72 13312 0052,"1,136.55"
,,HOARD WALTER B,R72 13312 0074,"1,898.19"
,,STEWART JENNIFER,R72 13313 0001,"1,532.54"
,,SANDRIDGE VERNEDA F,R72 13313 0035,102.87
,,SHINE PAMELA,R72 13316 0002,"1,721.63"
,,SHARP TYYANNA,R72 13403 0020,"1,405.60"
,,BANNISTER DAVID L,R72 13404 0035,"1,460.48"
,,DOWNARD DAVID,R72 13607 0037,128.9
,,TURNER PROPERTY MGMT LLC,R72 13608 0002,"2,158.45"
,,AIDANA MIGUEL A,R72 13608 0006,"2,792.31"
,,GOOD NICHOLAS M,R72 13810 0005,"5,076.76"
,,NICODEMUS MARY V,R72 13904 0031,"6,940.00"
,,MARTEL JERID A TRUSTEE,R72 13910 0007,"2,727.82"
,,SMITH ARNOLD,R72 14107 0022,"1,654.39"
,,MARTEL MARILYN M,R72 14205 0009,994.17
,,WORKMAN JUDSON W TR,R72 14209 0021,"3,500.58"
,,BRANDON DARLENE L,R72 14301 0017,"2,829.34"
,,WRIGHT HARRY CLINTON,R72 14403 0052,"3,054.85"
,,RICKETTS KEITH,R72 14506 0036,"3,105.91"
,,JACKSON MICHAEL C AND,R72 14511 0052,"2,315.18"
,,NREA VB III LLC,R72 14607 0046,137.24
,,MTS PROPERTY HOLDINGS LLC,R72 14701 0020,"11,382.47"
,,LUCAS JEFFREY A,R72 14711 0087,462.88
,,AGGARWAL SUSHIL K,R72 14801 0033,"3,038.90"
,,BOEKE ALVIRA R,R72 14803 0044,426.41
,,MOELLER RONALD J,R72 15004 0019,"2,429.83"
,,HARTLEY CHRISTINE M,R72 15008 0031,"1,024.79"
,,PYTEL MARIE,R72 15009 0044,"3,941.71"
,,BERRY ROBERT L AND,R72 15009 0058,"2,681.20"
,,PEREZ MARIA H ROJAS,R72 15011 0076,"2,300.49"
,,HANNER MARGARET F,R72 15105 0020,"3,412.56"
,,GOMEZ ANDRES,R72 15106 0056,228.82
,,"CONDI, LINDA L",R72 1519,157.96
,,SCHOOLER SHANNON L,R72 15202 0044,"2,545.51"
,,SIMONDS RANDY JOSEPH AND,R72 15203 0030,"1,282.77"
,,THACKER LAURA,R72 15207 0031,378.77
,,KATZ ROBERT,R72 15209 0031,"1,946.05"
,,HENDRICKSON JOHN J AND,R72 15209 0055,662.02
,,LUCAS JOSEPH C TR,R72 15210 0024,255.41
,,LUCAS JOSEPH C TR,R72 15210 0025,"2,367.92"
,,BOYD WILLIAM F,R72 15210 0043,"2,387.00"
,,TURPIN DOUGLAS W + JANE L,R72 15402 0015,400.98
,,BROSE JOHN J AND,R72 15402 0022,739.58
,,LUCAS JOSEPH C TR,R72 15403 0007,723.29
,,LUCAS JOSEPH C TR,R72 15403 0008,"8,001.95"
,,LEININGER PATRICIA L,R72 15403 0019,299.19
,,LEININGER PATRICIA L,R72 15403 0020,"3,252.25"
,,YOUNG JONATHAN M AND,R72 15406 0007,"2,422.82"
,,PLESSINGER VICKI LYNN,R72 15407 0087,"3,086.28"
,,NICKOL WILLIAM C,R72 15410 0065,"2,382.44"
,,HERNANDEZ JAVIER CARRILLO,R72 15410 0066,"2,948.59"
,,DILLARD DENEEN N,R72 15503 0002,709.93
,,MCCURDY TILLIE,R72 15503 0027,121.72
,,MYERS SHARI J,R72 15503 0047,807.76
,,THE BETHANY CHRISTIAN,R72 15503 0073,424.79
,,THE BETHANY CHRISTIAN,R72 15503 0074,"2,480.50"
,,TERRELL NELLIE D,R72 15504 0016,"1,321.67"
,,COLEMAN MARK A,R72 15504 0030,114.09
,,GILLESPIE MARVALENE,R72 15504 0122,170.19
,,GILLESPIE MARVALENE,R72 15504 0123,159.55
,,POWELL-WILKES TAMIKA,R72 15504 0155,765.9
,,POWELL-WILKES TAMIKA,R72 15504 0156,226.34
,,PIERCE JOHN AND,R72 15504 0165,89.6
,,PIERCE JOHN AND,R72 15504 0166,90.02
,,BLACK MARKUS,R72 15506 0069,139.64
,,HARMUTH DELTA G,R72 15606 0008,"4,869.65"
,,SMITH DARYL E AND,R72 15607 0041,"3,817.42"
,,YOUNG KIMBERLY Z,R72 15607 0063,324.59
,,SMITH DARYL E,R72 15607 0134,"2,957.10"
,,TAYLOR MURIEL C,R72 15608 0049,"2,169.99"
,,HUGHES CONNIE MARIE,R72 15612 0008,562.04
,,HUGHES CONNIE MARIE,R72 15612 0009,"1,227.82"
,,NICHOLS JEFFERY H,R72 15701 0032,112.96
,,JONES-MACK ANGELA ELIZABETH,R72 15701 0144,"1,310.65"
,,MCMILLIN BARBARA MOORE,R72 15701 0184,92.84
,,MEEKS CLAIRE AND,R72 15702 0028,953.3
,,MORTON ANDREW JR,R72 15703 0039,"2,249.82"
,,ALDANA MIGUEL A,R72 15703 0051,238.37
,,WILLIAMS CAROLYN L,R72 15804 0041,"2,441.08"
,,BAKERS HAULOVER LLC,R72 15810 0021,"2,135.92"
,,VOYAGER PACIFIC OPPORTUNITY,R72 15810 0025,"2,306.32"
,,DRAKES JEFFREY A,R72 15810 0028,"2,364.27"
,,KING COURIER SERVICES LLC,R72 15815 0002,"1,584.03"
,,CATALPA HOLDINGS LLC,R72 15815 0015,"1,661.59"
,,VOYAGER PACIFIC OPPORTUNITY,R72 15815 0018,"2,693.61"
,,VOYAGER PACIFIC OPPORTUNITY,R72 15815 0021,"2,442.64"
,,DAYTON CITY OF,R72 15815 0022,289.35
,,JOHNSON RAYMON D,R72 15815 0048,"1,732.88"
,,BAKERS HAULOVER LLC,R72 15817 0004,"2,531.49"
,,JACKSON LEMUEL E JR AND,R72 15817 0005,942.94
,,HAULOVER BAKERS LLC,R72 15817 0030,"2,203.39"
,,BENNETT LARONTAY G,R72 15817 0033,"3,097.32"
,,BAKERS HAULOVER LLC,R72 15818 0011,"2,042.45"
,,LEE WILLIAM S,R72 15818 0015,944.27
,,BAKERS HAULOVER LLC,R72 15819 0002,"2,158.95"
,,VOYAGER PACIFIC OPPORTUNITY,R72 15901 0030,"2,065.41"
,,BAKERS HAULOVER LLC,R72 15901 0031,"1,943.01"
,,ELLINGTON STELLA E,R72 15901 0051,"1,148.34"
,,VOYAGER PACIFIC OPPORTUNITY,R72 15901 0057,"1,862.02"
,,VOYAGER PACIFIC OPPORTUNITY,R72 15901 0073,"1,564.75"
,,MITCHELL SHALECE,R72 15901 0078,"2,334.84"
,,SLAUGHTER ANDREW L,R72 15901 0084,"1,379.19"
,,BAKERS HAULOVER LLC,R72 15902 0004,"2,113.41"
,,TRAMMEL LETERESA,R72 15902 0007,"1,021.68"
,,VOYAGER PACIFIC OPPORTUNITY,R72 15902 0015,"1,875.33"
,,MCGRAW DEVANE',R72 15902 0029,"1,368.49"
,,VOYAGER PACIFIC OPPORTUNITY,R72 15902 0042,"1,999.17"
,,VOYAGER PACIFIC OPPORTUNITY,R72 15902 0043,"1,768.43"
,,VOYAGER PACIFIC OPPORTUNITY,R72 15902 0057,"2,150.61"
,,BAKERS HAULOVER LLC,R72 15902 0061,"2,195.14"
,,VOYAGER PACIFIC OPPORTUNITY,R72 15902 0064,"2,526.26"
,,VOYAGER PACIFIC OPPORTUNITY,R72 15902 0076,"2,288.40"
,,WARDEN JERRY,R72 15903 0002,482.86
,,BAKERS HAULOVER LLC,R72 15903 0003,"1,960.31"
,,VOYAGER PACIFIC OPPORTUNITY,R72 15903 0008,"1,911.21"
,,VOYAGER PACIFIC OPPORTUNITY,R72 15903 0014,"1,742.07"
,,VOYAGER PACIFIC OPPORTUNITY,R72 15903 0019,"2,031.41"
,,VOYAGER PACIFIC OPPORTUNITY,R72 15903 0024,"2,345.75"
,,JEFFREY L SMITH ENTERPRISES LLC,R72 15903 0025,"2,315.06"
,,LUCAS JOSEPH C TRUSTEE,R72 15903 0047,"1,931.01"
,,BAKERS HAULOVER LLC,R72 15903 0048,"2,004.79"
,,HOLLAND PRECY R AND,R72 15903 0056,"1,390.83"
,,VOYAGER PACIFIC OPPORTUNITY,R72 15903 0065,"2,055.10"
,,VOYAGER PACIFIC OPPORTUNITY,R72 15903 0097,"2,163.53"
,,SHIELDS MICHELLE,R72 15903 0111,120.24
,,VOYAGER PACIFIC OPPORTUNITY,R72 15904 0006,"2,066.95"
,,VOYAGER PACIFIC OPPORTUNITY,R72 15904 0010,"2,040.49"
,,WEBB JASON L AND,R72 15904 0043,608.39
,,WALDER LAVONNE,R72 15904 0048,"1,725.22"
,,BAKERS HAULOVER LLC,R72 15904 0050,"2,049.60"
,,VOYAGER PACIFIC OPPORTUNITY,R72 15904 0062,"2,329.72"
,,COTTRELL TIANA,R72 15905 0009,"1,227.95"
,,HUNTER KRISTIE AND,R72 15905 0018,"1,401.35"
,,VOYAGER PACIFIC OPPORTUNITY,R72 15906 0070,"1,821.51"
,,VOYAGER PACIFIC OPPORTUNITY,R72 15906 0074,"1,850.57"
,,VOYAGER PACIFIC OPPORTUNITY,R72 15906 0080,"1,996.93"
,,MANZO PEDRO VARGAS AND,R72 15907 0012,"2,162.70"
,,VOYAGER PACIFIC OPPORTUNITY,R72 15907 0072,"1,989.43"
,,VOYAGER PACIFIC OPPORTUNITY,R72 15907 0080,"1,968.78"
,,BAKERS HAULOVER LLC,R72 15907 0107,"1,851.33"
,,BAKERS HAULOVER LLC,R72 15907 0117,"2,113.92"
,,VOYAGER PACIFIC OPPORTUNITY,R72 15908 0036,"2,027.54"
,,BAKERS HAULOVER LLC,R72 15909 0005,"2,103.61"
,,VOYAGER PACIFIC OPPORTUNITY,R72 15909 0008,"1,969.21"
,,VOYAGER PACIFIC OPPORTUNITY,R72 15909 0032,"1,672.52"
,,STAMBOUGH RONALD LEE AND,R72 15909 0074,"1,587.66"
,,SOUTH BIMINI LLC,R72 15909 0078,"2,426.62"
,,VOYAGER PACIFIC OPPORTUNITY,R72 15909 0084,"2,289.47"
,,FINLEY JUDITH L,R72 15909 0090,"2,811.77"
,,GAMBLIN DOROTHY L,R72 15910 0037,878.66
,,OGLESBY EDGAR J,R72 15910 0046,"2,006.39"
,,DAVIS ANTHONY,R72 15910 0051,672.68
,,VOYAGER PACIFIC OPPORTUNITY,R72 15910 0056,"2,027.01"
,,DAYTON CITY OF,R72 15910 0057,797.72
,,SLAUGHTER ANDREW L SR,R72 15911 0007,"1,840.69"
,,LEE JACQUELINE,R72 15912 0008,142.32
,,FIRST ADVANCE HOLDINGS INC,R72 15912 0043,"2,249.15"
,,VOYAGER PACIFIC OPPORTUNITY,R72 16001 0008,"1,714.68"
,,BAKERS HAULOVER LLC,R72 16002 0007,"1,574.06"
,,VOYAGER PACIFIC OPPORTUNITY,R72 16002 0015,"2,610.49"
,,SMITTIE SANDRA,R72 16009 0039,"1,950.11"
,,MARSHALL DANESA DESHAYE,R72 16010 0042,"2,492.73"
,,BENSON PHILNASHA,R72 16101 0004,"2,127.07"
,,BENSON PHILNASHA,R72 16101 0005,207.91
,,BOYNTON BEACH LLC,R72 16101 0013,"5,528.94"
,,EVANS JAZMEN,R72 16102 0005,233.52
,,VOYAGER PACIFIC OPPORTUNITY FUND II LLC,R72 16102 0013,"1,396.69"
,,HODGES CARL L,R72 16102 0027,189.54
,,SHEFFIELD DONTAY,R72 16102 0054,"2,326.13"
,,JEFFRIES CHARLES AND SHERRY L AND,R72 16102 0103,"2,709.32"
,,MEJIA DENIS,R72 16103 0038,152.64
,,ADAMS PATRICK,R72 16103 0086,622.48
,,BLACK EFFIE ANN,R72 16108 0009,"1,866.60"
,,SCANDRICK SHELIA,R72 16110 0006,"3,218.10"
,,ISAAC DONALD E,R72 16111 0004,"1,596.64"
,,CRISHON THOMAS H,R72 16112 0033,164.54
,,TAYLOR JOSEPH E AND,R72 16117 0013,"1,701.36"
,,WILLIAMS CLARENCE E,R72 16201 0046,"1,277.13"
,,THOMAS WILLIAM H AND,R72 16203 0003,360.7
,,BENNETT LARONTAY,R72 16204 0017,"2,590.19"
,,ANDERSON MICHAEL,R72 16206 0028,"2,251.96"
,,CLARK CYNTHIA D,R72 16207 0046,"2,127.54"
,,DICKERSON LAMARIO,R72 16209 0041,703.02
,,CRISHON THOMAS H,R72 16210 0068,865.71
,,ROYAL DESIGNS AND INNOVATIVE HOUSING LLC,R72 16213 0082,"2,216.42"
,,OLADELE DOMINIC K,R72 16213 0097,"1,402.88"
,,VOYAGER PACIFIC OPPORTUNITY,R72 16214 0001,"2,483.99"
,,TERCERO NOE VICENTE NUNEZ,R72 16214 0086,"3,013.32"
,,LASOR INVESTMENTS I LLC,R72 16214 0106,73.04
,,VOYAGER PACIFIC OPPORTUNITY,R72 16214 0110,"3,097.76"
,,VOYAGER PACIFIC OPPORTUNITY,R72 16215 0076,"1,896.90"
,,VOYAGER PACIFIC OPPORTUNITY,R72 16215 0093,"2,675.73"
,,VOYAGER PACIFIC OPPORTUNITY,R72 16215 0103,"2,389.68"
,,DAVIS JERI A,R72 16216 0064,"2,136.92"
,,BROOKS DARRYL,R72 16304 0019,"1,098.94"
,,VOYAGER PACIFIC OPPORTUNITY,R72 16305 0003,"2,582.19"
,,VOYAGER PACIFIC OPPORTUNITY,R72 16305 0012,"2,457.13"
,,GOOD STEWARD APARTMENTS,R72 16305 0014,"2,435.30"
,,VOYAGER PACIFIC OPPORTUNITY,R72 16305 0048,"1,833.27"
,,FRANCIS TINA M,R72 16307 0006,51.55
,,HASTY TIMOTHY L,R72 16509 0064,"1,926.49"
,,HENSLEY LORA J,R72 16514 0012,"3,938.69"
,,RESULIDZE RUSTAM,R72 16701 0086,"30,441.27"
,,BROWN SARA K,R72 16704 0044,"1,886.24"
,,PHILLIS JONATHON L,R72 16706 0004,659.6
,,HIGGINS JR KEITH L,R72 16708 0027,"1,310.60"
,,WILLIAMS MARY F AND,R72 16801 0075,171.8
,,WILLIAMS MARY F,R72 16801 0077,90.2
,,HORIZON OF HOPE MINISTRY INC,R72 16801 0108,"1,599.14"
,,STINSON THOMAS AND,R72 16801 0129,298.87
,,ELI PROPERTIES LLC,R72 16802 0003,"1,343.53"
,,JONES MARK A,R72 16802 0028,370.11
,,WHITING CARLOS A SR,R72 16802 0088,272.78
,,BLANKS ANTHONY JR,R72 16802 0159,"1,201.38"
,,SPEED DAVID T AND SANDRA L,R72 16806 0008,"1,214.23"
,,BROWN SUBER DONNY,R72 16807 0002,904.82
,,JACKSON VERLETTA,R72 16808 0037,"2,107.38"
,,REESE LISA,R72 16808 0042,"2,082.23"
,,HARRIS LINDA K,R72 16808 0053,"1,791.35"
,,SAMPSON PLUMMER A JR AND,R72 16918 0015,"2,477.12"
,,MONEYPENNY LINDA L,R72 17006 0024,"1,952.65"
,,USREEB DAYTON LLC,R72 17018 0005,"1,572.24"
,,THE WAY OF THE CROSS GOSPEL MINISTRIES,R72 17104 0008,97.08
,,HOUSTON CYNTHIA A,R72 17109 0018,557.15
,,JOHNSON LISA BLAKE,R72 17111 0023,"1,230.89"
,,BERRY GARY DARCEL,R72 17605 0001,"18,680.14"
,,CARRILLO CUSTOM RENTALS LLC,R72 17618 0013,"3,589.47"
,,BROWN M D & ASSOCIATE LLC,R72 50815 0001,"53,734.85"
,,COMMON AREA NORTHWEST PLAZA CONDO,R72 51424 0016,"1,143.15"
,,"THAXTON, CHARLES G JR AND MARGARET LYONS",R72 7011,322.64
,,ELLEMAN BRUCE A,R72 7018,965.16
R721,DAYTON-NORTHRIDGE,CSX TRANSPORTATION INC,R72100000 8861,"27,149.82"
,,FITTERER LOLA,R7210712,309.77
,,MIAMI VALLEY PUNCH AND,R72117011 0039,113.96
,,"WILSON, DAVID H & EDITA L WILSON",R7211989,309.77
,,ENGLE CLAY E,R7212578,96.76
,,HUMPHREY ANTHONY E,R7214076,151.21
,,"DISKETE, KENNETH R",R7214496,122.36
,,"BLAYLOCK, REBECCA",R7214801,307.44
,,"DAUGHERTY, SANDRA K",R7215371,148.32
,,MARSHALL JAMES R,R7215523,84.85
,,TRUSTY;JUDY,R7215552,309.77
R722,DAYTON-MAD RIVER LSD,TAKHSILOV TRUCKING INC,R72215416 0006,"21,245.53"
,,TAKHSILOV TRUCKING INC,R72215416 0007,"2,545.82"
,,TAKHSILOV TRUCKING INC,R72215416 0016,656.16
,,TAKHSILOV TRUCKING INC,R72215418 0004,870.62
R723,DAYTON-TROTWOOD CSD,ISLAMIC CENTER OF PEACE INC,R72317110 0005,671.1
,,ISLAMIC CENTER OF PEACE INC,R72317110 0012,"2,101.62"
,,ISLAMIC CENTER OF PEACE INC,R72317110 0013,"9,452.33"
,,ISLAMIC CENTER OF PEACE INC,R72317110 0015,"6,204.38"
,,ROYAL CHIEFTAIN PROPERTIES LLC,R72317117 0006,"1,976.87"
,,ENGLISH MARSHALL JR,R72317405 0014,"1,266.40"
,,ENGLISH MARSHALL JR,R72317405 0015,"1,250.33"
R725,DAYTON-JEFFERSON LSD,STOKES EDDIE W JR AND,R72516914 0014,"2,556.75"
,,HARRIS LORENZO JR,R72517408 0010,437.05
